id,wikidata,hint,name_en_before,name_fr_before,name_es_before,decision,reason,name_en_after,name_fr_after,name_es_after,consensus,aliases_added
Q20469,https://www.wikidata.org/wiki/Q20469,REVIEW: forms disagree,Alan Dzagoev,Alan Dzagoïev,Alán Dzagóyev,kept_per_language,"legitimate transliteration, no multilingual consensus (7/27)",Alan Dzagoev,Alan Dzagoïev,Alán Dzagóyev,7/27,
Q201866,https://www.wikidata.org/wiki/Q201866,REVIEW: forms disagree,Aleksandr Kerzhakov,Aleksandr Kerjakov,Aleksandr Kerzhakov,kept_per_language,"legitimate transliteration, no multilingual consensus (7/24)",Aleksandr Kerzhakov,Aleksandr Kerjakov,Aleksandr Kerzhakov,7/24,
Q47230,https://www.wikidata.org/wiki/Q47230,REVIEW: forms disagree,Andrey Arshavin,Andreï Archavine,Andréi Arshavin,kept_per_language,"legitimate transliteration, no multilingual consensus (4/30)",Andrey Arshavin,Andreï Archavine,Andréi Arshavin,4/30,
Q41244,https://www.wikidata.org/wiki/Q41244,REVIEW: forms disagree,Andriy Shevchenko,Andriy Shevtchenko,Andriy Shevchenko,kept_per_language,"legitimate transliteration, no multilingual consensus (8/32)",Andriy Shevchenko,Andriy Shevtchenko,Andriy Shevchenko,8/32,
Q713439,https://www.wikidata.org/wiki/Q713439,REVIEW: forms disagree,Artem Dzyuba,Artiom Dziouba,Artiom Dziuba,kept_per_language,"legitimate transliteration, no multilingual consensus (6/24)",Artem Dzyuba,Artiom Dziouba,Artiom Dziuba,6/24,
Q47526,https://www.wikidata.org/wiki/Q47526,REVIEW: forms disagree,Arthur Antunes Coimbra,Zico,Zico,unified,common football name confirmed by multilingual consensus (27/31 languages),Zico,Zico,Zico,27/31,Arthur Antunes Coimbra
Q342489,https://www.wikidata.org/wiki/Q342489,REVIEW: forms disagree,Careca,Antônio de Oliveira Filho,Careca,unified,common football name confirmed by multilingual consensus (26/28 languages),Careca,Careca,Careca,26/28,Antônio de Oliveira Filho
Q459356,https://www.wikidata.org/wiki/Q459356,REVIEW: forms disagree,Fernandinho,Fernando Luiz Rosa,Fernando Luiz Rosa,unified,common football name confirmed by multilingual consensus (11/26 languages),Fernandinho,Fernandinho,Fernandinho,11/26,Fernando Luiz Rosa
Q312772,https://www.wikidata.org/wiki/Q312772,REVIEW: forms disagree,Fred,Frederico Chaves Guedes,Fred,unified,common football name confirmed by multilingual consensus (13/28 languages),Frederico Chaves Guedes,Frederico Chaves Guedes,Frederico Chaves Guedes,13/28,Fred
Q215522,https://www.wikidata.org/wiki/Q215522,REVIEW: forms disagree,Guillermo Ochoa,Guillermo Ochoa,El Arrebato,unified,common football name confirmed by multilingual consensus (25/27 languages),Guillermo Ochoa,Guillermo Ochoa,Guillermo Ochoa,25/27,El Arrebato
Q187125,https://www.wikidata.org/wiki/Q187125,REVIEW: forms disagree,Hristo Stoichkov,Hristo Stoitchkov,Hristo Stoichkov,kept_per_language,"legitimate transliteration, no multilingual consensus (12/32)",Hristo Stoichkov,Hristo Stoitchkov,Hristo Stoichkov,12/32,
Q80892,https://www.wikidata.org/wiki/Q80892,REVIEW: forms disagree,Isco,Francisco Román Alarcón,Isco Alarcón,unified,common football name confirmed by multilingual consensus (15/28 languages),Isco,Isco,Isco,15/28,Francisco Román Alarcón | Isco Alarcón
Q39230,https://www.wikidata.org/wiki/Q39230,REVIEW: forms disagree,Marquinhos,Marquinhos,Marcos Aoás Corrêa,unified,common football name confirmed by multilingual consensus (13/27 languages),Marquinhos,Marquinhos,Marquinhos,13/27,Marcos Aoás Corrêa
Q168029,https://www.wikidata.org/wiki/Q168029,REVIEW: forms disagree,Roman Pavlyuchenko,Roman Pavlioutchenko,Román Pavliuchenko,kept_per_language,"legitimate transliteration, no multilingual consensus (5/29)",Roman Pavlyuchenko,Roman Pavlioutchenko,Román Pavliuchenko,5/29,
Q45626,https://www.wikidata.org/wiki/Q45626,REVIEW: forms disagree,Ruud van Nistelrooy,Ruud van Nistelrooy,Ruud van Nistelrooij,unified,common football name confirmed by multilingual consensus (26/32 languages),Ruud van Nistelrooy,Ruud van Nistelrooy,Ruud van Nistelrooy,26/32,Ruud van Nistelrooij
Q11557367,https://www.wikidata.org/wiki/Q11557367,REVIEW: forms disagree,Takuma ano,Takuma Asano,Takuma Asano,unified,common football name confirmed by multilingual consensus (27/30 languages),Takuma Asano,Takuma Asano,Takuma Asano,27/30,Takuma ano
Q208104,https://www.wikidata.org/wiki/Q208104,REVIEW: forms disagree,Xabi Alonso,Carasu,Xabi Alonso,unified,common football name confirmed by multilingual consensus (28/32 languages),Xabi Alonso,Xabi Alonso,Xabi Alonso,28/32,Carasu
Q184261,https://www.wikidata.org/wiki/Q184261,REVIEW: forms disagree,Yuri Zhirkov,Iouri Jirkov,Yuri Zhirkov,kept_per_language,"legitimate transliteration, no multilingual consensus (6/26)",Yuri Zhirkov,Iouri Jirkov,Yuri Zhirkov,6/26,
Q170452,https://www.wikidata.org/wiki/Q170452,short vs full name,Adriano,Adriano,Adriano Leite Ribeiro,unified,common football name confirmed by multilingual consensus (23/29 languages),Adriano Leite Ribeiro,Adriano Leite Ribeiro,Adriano Leite Ribeiro,23/29,Adriano
Q96105248,https://www.wikidata.org/wiki/Q96105248,short vs full name,Enzo Fernández,Enzo Jeremías Fernández,Enzo Fernández,unified,common football name confirmed by multilingual consensus (23/27 languages),Enzo Fernández,Enzo Fernández,Enzo Fernández,23/27,Enzo Jeremías Fernández
Q28967995,https://www.wikidata.org/wiki/Q28967995,short vs full name,Erling Haaland,Erling Braut Haaland,Erling Haaland,unified,common football name confirmed by multilingual consensus (17/32 languages),Erling Haaland,Erling Haaland,Erling Haaland,17/32,Erling Braut Haaland
Q296684,https://www.wikidata.org/wiki/Q296684,short vs full name,Ezequiel Garay,Ezequiel Garay,Alan Ezequiel Garay,unified,common football name confirmed by multilingual consensus (24/27 languages),Ezequiel Garay,Ezequiel Garay,Ezequiel Garay,24/27,Alan Ezequiel Garay
Q203749,https://www.wikidata.org/wiki/Q203749,short vs full name,Fernando Muslera,Néstor Fernando Muslera,Fernando Muslera,unified,common football name confirmed by multilingual consensus (27/29 languages),Fernando Muslera,Fernando Muslera,Fernando Muslera,27/29,Néstor Fernando Muslera
Q350547,https://www.wikidata.org/wiki/Q350547,short vs full name,Filipe Luís,Filipe Luís Kasmirski,Filipe Luís Kasmirski,unified,"nested forms, common football name retained (14/28 languages)",Filipe Luís,Filipe Luís,Filipe Luís,14/28,Filipe Luís Kasmirski
Q41533,https://www.wikidata.org/wiki/Q41533,short vs full name,Frank Lampard,Frank Lampard,Frank Watson Lampard,unified,common football name confirmed by multilingual consensus (30/32 languages),Frank Lampard,Frank Lampard,Frank Lampard,30/32,Frank Watson  Lampard
Q165125,https://www.wikidata.org/wiki/Q165125,short vs full name,Javier Hernández,Javier Hernández Balcázar,Javier Hernández Balcázar,unified,common football name confirmed by multilingual consensus (17/30 languages),Javier Hernández Balcázar,Javier Hernández Balcázar,Javier Hernández Balcázar,17/30,Javier Hernández
Q509374,https://www.wikidata.org/wiki/Q509374,short vs full name,Juan Cuadrado,Juan Guillermo Cuadrado,Juan Cuadrado,unified,common football name confirmed by multilingual consensus (13/25 languages),Juan Cuadrado,Juan Cuadrado,Juan Cuadrado,13/25,Juan Guillermo Cuadrado
Q182459,https://www.wikidata.org/wiki/Q182459,short vs full name,Júlio César,Júlio César,Júlio César Soares Espíndola,unified,common football name confirmed by multilingual consensus (23/31 languages),Júlio César Soares Espíndola,Júlio César Soares Espíndola,Júlio César Soares Espíndola,23/31,Júlio César
Q46741,https://www.wikidata.org/wiki/Q46741,short vs full name,Leonardo Araújo,Leonardo,Leonardo Nascimento de Araujo,unified,common football name confirmed by multilingual consensus (15/29 languages),Leonardo Araújo,Leonardo Araújo,Leonardo Araújo,15/29,Leonardo | Leonardo Nascimento de Araujo
Q222789,https://www.wikidata.org/wiki/Q222789,short vs full name,Luis Enrique,Luis Enrique,Luis Enrique Martínez García,unified,"nested forms, common football name retained (21/30 languages)",Luis Enrique,Luis Enrique,Luis Enrique,21/30,Luis Enrique Martínez García
Q177686,https://www.wikidata.org/wiki/Q177686,short vs full name,Maicon,Maicon Douglas,Maicon Douglas Sisenando,unified,common football name confirmed by multilingual consensus (14/28 languages),Maicon Douglas Sisenando,Maicon Douglas Sisenando,Maicon Douglas Sisenando,14/28,Maicon | Maicon Douglas
Q22082505,https://www.wikidata.org/wiki/Q22082505,short vs full name,Marc Hagit Cucurella,Marc Cucurella,Marc Cucurella,unified,common football name confirmed by multilingual consensus (27/29 languages),Marc Cucurella,Marc Cucurella,Marc Cucurella,27/29,Marc Hagit Cucurella
Q38136,https://www.wikidata.org/wiki/Q38136,short vs full name,Marcelo Vieira,Marcelo,Marcelo Vieira,unified,common football name confirmed by multilingual consensus (14/30 languages),Marcelo Vieira,Marcelo Vieira,Marcelo Vieira,14/30,Marcelo
Q166984,https://www.wikidata.org/wiki/Q166984,short vs full name,Mikel John Obi,John Obi Mikel,John Obi Mikel,unified,common football name confirmed by multilingual consensus (17/28 languages),John Obi Mikel,John Obi Mikel,John Obi Mikel,17/28,Mikel John Obi
Q503137,https://www.wikidata.org/wiki/Q503137,short vs full name,Nacho,Nacho,Nacho Fernández Iglesias,unified,"nested forms, common football name retained (11/27 languages)",Nacho,Nacho,Nacho,11/27,Nacho Fernández Iglesias
Q19497,https://www.wikidata.org/wiki/Q19497,short vs full name,Oscar,Oscar dos Santos Emboaba Júnior,Oscar,unified,common football name confirmed by multilingual consensus (14/28 languages),Oscar dos Santos Emboaba Júnior,Oscar dos Santos Emboaba Júnior,Oscar dos Santos Emboaba Júnior,14/28,Oscar
Q179773,https://www.wikidata.org/wiki/Q179773,short vs full name,Pedro,Pedro,Pedro Rodríguez Ledesma,unified,common football name confirmed by multilingual consensus (22/29 languages),Pedro Rodríguez Ledesma,Pedro Rodríguez Ledesma,Pedro Rodríguez Ledesma,22/29,Pedro
Q138172,https://www.wikidata.org/wiki/Q138172,short vs full name,Radamel Falcao,Radamel Falcao,Radamel Falcao García,unified,"nested forms, common football name retained (17/32 languages)",Radamel Falcao,Radamel Falcao,Radamel Falcao,17/32,Radamel Falcao García
Q186330,https://www.wikidata.org/wiki/Q186330,short vs full name,Rafael Márquez El piojo,Rafael Márquez,Rafael Márquez Álvarez,unified,"nested forms, common football name retained (24/30 languages)",Rafael Márquez,Rafael Márquez,Rafael Márquez,24/30,Rafael Márquez El piojo | Rafael Márquez Álvarez
Q348557,https://www.wikidata.org/wiki/Q348557,short vs full name,Ramón Díaz,Ramón Díaz,Ramón Ángel Díaz,unified,common football name confirmed by multilingual consensus (25/29 languages),Ramón Díaz,Ramón Díaz,Ramón Díaz,25/29,Ramón Ángel Díaz
Q11576,https://www.wikidata.org/wiki/Q11576,short vs full name,Raúl,Raúl González,Raúl González Blanco,unified,"nested forms, common football name retained (11/30 languages)",Raúl,Raúl,Raúl,11/30,Raúl González | Raúl González Blanco
Q20994118,https://www.wikidata.org/wiki/Q20994118,short vs full name,Rodri,Rodri,Rodri Hernández,unified,"nested forms, common football name retained (18/30 languages)",Rodri,Rodri,Rodri,18/30,Rodri Hernández
Q42728914,https://www.wikidata.org/wiki/Q42728914,short vs full name,Rodrygo,Rodrygo,Rodrygo Goes,unified,"nested forms, common football name retained (13/28 languages)",Rodrygo,Rodrygo,Rodrygo,13/28,Rodrygo Goes
Q359738,https://www.wikidata.org/wiki/Q359738,transliteration,Alessandro Santos,Alessandro dos Santos,Alex Santos,kept_per_language,"legitimate transliteration, forms kept as written in each language",Alessandro Santos,Alessandro dos Santos,Alex Santos,,
Q1921,https://www.wikidata.org/wiki/Q1921,transliteration,Blaise Matuidi,Blaise Matuidi,Blase Matuidi,kept_per_language,"legitimate transliteration, forms kept as written in each language",Blaise Matuidi,Blaise Matuidi,Blase Matuidi,,
Q29491,https://www.wikidata.org/wiki/Q29491,transliteration,Chris Smalling,Chris Smalling,Christopher Smalling,kept_per_language,"legitimate transliteration, forms kept as written in each language",Chris Smalling,Chris Smalling,Christopher Smalling,,
Q172720,https://www.wikidata.org/wiki/Q172720,transliteration,Daniel Alves,Dani Alves,Daniel Alves,kept_per_language,"legitimate transliteration, forms kept as written in each language",Daniel Alves,Dani Alves,Daniel Alves,,
Q10560,https://www.wikidata.org/wiki/Q10560,transliteration,Freddie Ljungberg,Freddie Ljungberg,Fredrik Ljungberg,kept_per_language,"legitimate transliteration, forms kept as written in each language",Freddie Ljungberg,Freddie Ljungberg,Fredrik Ljungberg,,
Q187159,https://www.wikidata.org/wiki/Q187159,transliteration,Jordi Alba,Jordi Alba,Jorge Alba,kept_per_language,"legitimate transliteration, forms kept as written in each language",Jordi Alba,Jordi Alba,Jorge Alba,,
Q311191,https://www.wikidata.org/wiki/Q311191,transliteration,Junichi Inamoto,Jun'ichi Inamoto,Jun'ichi Inamoto,kept_per_language,"legitimate transliteration, forms kept as written in each language",Junichi Inamoto,Jun'ichi Inamoto,Jun'ichi Inamoto,,
Q319368,https://www.wikidata.org/wiki/Q319368,transliteration,Oleh Protasov,Oleg Protasov,Oleh Protásov,kept_per_language,"legitimate transliteration, forms kept as written in each language",Oleh Protasov,Oleg Protasov,Oleh Protásov,,
Q1911,https://www.wikidata.org/wiki/Q1911,transliteration,Olivier Giroud,Olivier Giroud,Oliver Giroud,kept_per_language,"legitimate transliteration, forms kept as written in each language",Olivier Giroud,Olivier Giroud,Oliver Giroud,,
Q84086,https://www.wikidata.org/wiki/Q84086,accents only,Aleksandar Mitrovic,Aleksandar Mitrović,Aleksandar Mitrović,no_change_needed,"accent variants only, normalisation makes them equivalent for matching",Aleksandar Mitrovic,Aleksandar Mitrović,Aleksandar Mitrović,,
Q178683,https://www.wikidata.org/wiki/Q178683,accents only,Cafu,Cafu,Cafú,no_change_needed,"accent variants only, normalisation makes them equivalent for matching",Cafu,Cafu,Cafú,,
Q50600,https://www.wikidata.org/wiki/Q50600,accents only,Carlos Tevez,Carlos Tévez,Carlos Tévez,no_change_needed,"accent variants only, normalisation makes them equivalent for matching",Carlos Tevez,Carlos Tévez,Carlos Tévez,,
Q1935,https://www.wikidata.org/wiki/Q1935,accents only,Eric Abidal,Éric Abidal,Éric Abidal,no_change_needed,"accent variants only, normalisation makes them equivalent for matching",Eric Abidal,Éric Abidal,Éric Abidal,,
Q170328,https://www.wikidata.org/wiki/Q170328,accents only,Eric Cantona,Éric Cantona,Éric Cantona,no_change_needed,"accent variants only, normalisation makes them equivalent for matching",Eric Cantona,Éric Cantona,Éric Cantona,,
Q5530861,https://www.wikidata.org/wiki/Q5530861,accents only,Gen Shōji,Gen Shōji,Gen Shoji,no_change_needed,"accent variants only, normalisation makes them equivalent for matching",Gen Shōji,Gen Shōji,Gen Shoji,,
Q161089,https://www.wikidata.org/wiki/Q161089,accents only,İlkay Gündoğan,Ilkay Gündogan,İlkay Gündoğan,no_change_needed,"accent variants only, normalisation makes them equivalent for matching",İlkay Gündoğan,Ilkay Gündogan,İlkay Gündoğan,,
Q59381180,https://www.wikidata.org/wiki/Q59381180,accents only,Julián Alvarez,Julián Álvarez,Julián Alvarez,no_change_needed,"accent variants only, normalisation makes them equivalent for matching",Julián Alvarez,Julián Álvarez,Julián Alvarez,,
Q359727,https://www.wikidata.org/wiki/Q359727,accents only,Kisho Yano,Kishō Yano,Kisho Yano,no_change_needed,"accent variants only, normalisation makes them equivalent for matching",Kisho Yano,Kishō Yano,Kisho Yano,,
Q382269,https://www.wikidata.org/wiki/Q382269,accents only,Koji Nakata,Kōji Nakata,Kōji Nakata,no_change_needed,"accent variants only, normalisation makes them equivalent for matching",Koji Nakata,Kōji Nakata,Kōji Nakata,,
Q18924954,https://www.wikidata.org/wiki/Q18924954,accents only,Lucas Hernandez,Lucas Hernandez,Lucas Hernández,no_change_needed,"accent variants only, normalisation makes them equivalent for matching",Lucas Hernandez,Lucas Hernandez,Lucas Hernández,,
Q310598,https://www.wikidata.org/wiki/Q310598,accents only,Marcus Tulio Tanaka,Marcus Túlio Tanaka,Marcus Túlio Tanaka,no_change_needed,"accent variants only, normalisation makes them equivalent for matching",Marcus Tulio Tanaka,Marcus Túlio Tanaka,Marcus Túlio Tanaka,,
Q150947,https://www.wikidata.org/wiki/Q150947,accents only,Martín Demichelis,Martin Demichelis,Martín Demichelis,no_change_needed,"accent variants only, normalisation makes them equivalent for matching",Martín Demichelis,Martin Demichelis,Martín Demichelis,,
Q359749,https://www.wikidata.org/wiki/Q359749,accents only,Masashi Oguro,Masashi Oguro,Masashi Ōguro,no_change_needed,"accent variants only, normalisation makes them equivalent for matching",Masashi Oguro,Masashi Oguro,Masashi Ōguro,,
Q1916,https://www.wikidata.org/wiki/Q1916,accents only,Patrice Evra,Patrice Évra,Patrice Evra,no_change_needed,"accent variants only, normalisation makes them equivalent for matching",Patrice Evra,Patrice Évra,Patrice Evra,,
Q380692,https://www.wikidata.org/wiki/Q380692,accents only,Ryoichi Maeda,Ryōichi Maeda,Ryōichi Maeda,no_change_needed,"accent variants only, normalisation makes them equivalent for matching",Ryoichi Maeda,Ryōichi Maeda,Ryōichi Maeda,,
Q982132,https://www.wikidata.org/wiki/Q982132,accents only,Shinzō Kōroki,Shinzo Koroki,Shinzo Koroki,no_change_needed,"accent variants only, normalisation makes them equivalent for matching",Shinzō Kōroki,Shinzo Koroki,Shinzo Koroki,,
Q558874,https://www.wikidata.org/wiki/Q558874,accents only,Shūichi Gonda,Shūichi Gonda,Shuichi Gonda,no_change_needed,"accent variants only, normalisation makes them equivalent for matching",Shūichi Gonda,Shūichi Gonda,Shuichi Gonda,,
Q558890,https://www.wikidata.org/wiki/Q558890,accents only,Shusaku Nishikawa,Shūsaku Nishikawa,Shusaku Nishikawa,no_change_needed,"accent variants only, normalisation makes them equivalent for matching",Shusaku Nishikawa,Shūsaku Nishikawa,Shusaku Nishikawa,,
Q17493,https://www.wikidata.org/wiki/Q17493,accents only,Thiago Alcântara,Thiago Alcántara,Thiago Alcántara,no_change_needed,"accent variants only, normalisation makes them equivalent for matching",Thiago Alcântara,Thiago Alcántara,Thiago Alcántara,,
Q28973866,https://www.wikidata.org/wiki/Q28973866,accents only,Vinícius Júnior,Vinicius Júnior,Vinícius Júnior,no_change_needed,"accent variants only, normalisation makes them equivalent for matching",Vinícius Júnior,Vinicius Júnior,Vinícius Júnior,,
Q10526787,https://www.wikidata.org/wiki/Q10526787,accents only,Wataru Endō,Wataru Endō,Wataru Endo,no_change_needed,"accent variants only, normalisation makes them equivalent for matching",Wataru Endō,Wataru Endō,Wataru Endo,,
Q214859,https://www.wikidata.org/wiki/Q214859,accents only,Yasuhito Endo,Yasuhito Endō,Yasuhito Endō,no_change_needed,"accent variants only, normalisation makes them equivalent for matching",Yasuhito Endo,Yasuhito Endō,Yasuhito Endō,,
Q15401668,https://www.wikidata.org/wiki/Q15401668,accents only,Yoshinori Muto,Yoshinori Muto,Yoshinori Mutō,no_change_needed,"accent variants only, normalisation makes them equivalent for matching",Yoshinori Muto,Yoshinori Muto,Yoshinori Mutō,,
Q311209,https://www.wikidata.org/wiki/Q311209,accents only,Yoshito Okubo,Yoshito Ōkubo,Yoshito Ōkubo,no_change_needed,"accent variants only, normalisation makes them equivalent for matching",Yoshito Okubo,Yoshito Ōkubo,Yoshito Ōkubo,,
Q331968,https://www.wikidata.org/wiki/Q331968,accents only,Yuji Nakazawa,Yūji Nakazawa,Yūji Nakazawa,no_change_needed,"accent variants only, normalisation makes them equivalent for matching",Yuji Nakazawa,Yūji Nakazawa,Yūji Nakazawa,,
Q331984,https://www.wikidata.org/wiki/Q331984,accents only,Yuki Abe,Yūki Abe,Yūki Abe,no_change_needed,"accent variants only, normalisation makes them equivalent for matching",Yuki Abe,Yūki Abe,Yūki Abe,,
