id,player_id,from_club,to_club,year,kind,tier
1,Q67964,Q2052,Q1422,1990,transfer,1
2,Q67964,Q1422,Q1543,1995,transfer,1
3,Q67964,Q1543,Q1893,1997,transfer,1
4,Q67964,Q1893,Q631,1998,transfer,1
5,Q67964,Q631,Q6651,2000,transfer,2
6,Q68039,Q1422,Q2739,1985,transfer,3
7,Q68060,Q2693,Q1422,2001,transfer,1
8,Q68060,Q1422,Q483020,2018,transfer,1
9,Q68060,Q483020,Q1422,2019,transfer,1
10,Q68060,Q1422,Q2693,2021,transfer,1
11,Q70550,Q33748,Q51976,2006,transfer,2
12,Q70550,Q51976,Q9617,2011,transfer,2
13,Q72648,Q19516,Q483020,2013,transfer,3
14,Q72648,Q483020,Q2739,2015,loan,3
15,Q72648,Q2739,Q7156,2016,transfer,3
16,Q72648,Q7156,Q5794,2018,transfer,3
17,Q72648,Q5794,Q18711,2022,transfer,3
18,Q73082,Q35933,Q18741,2013,transfer,3
19,Q73082,Q18741,Q130521,2015,transfer,3
20,Q73082,Q130521,Q7156,2017,transfer,3
21,Q73082,Q7156,Q130521,2019,transfer,3
22,Q73082,Q130521,Q44441,2021,transfer,3
23,Q73082,Q44441,Q35933,2022,transfer,3
24,Q73360,Q9616,Q8682,2018,transfer,1
25,Q75857,Q41420,Q8682,2011,transfer,3
26,Q75857,Q8682,Q41420,2014,transfer,3
27,Q75857,Q41420,Q51976,2018,transfer,3
28,Q75857,Q51976,Q43710,2020,transfer,3
29,Q76089,Q276533,Q2074,2003,transfer,3
30,Q76089,Q2074,Q10308,2005,transfer,3
31,Q76089,Q10308,Q2074,2008,transfer,3
32,Q76089,Q2074,Q631,2009,transfer,3
33,Q76089,Q631,Q276533,2014,transfer,3
34,Q167790,Q584316,Q2674,2007,transfer,2
35,Q167790,Q2674,Q2641,2010,transfer,1
36,Q167790,Q2641,Q483020,2013,transfer,1
37,Q167790,Q483020,Q18656,2020,transfer,1
38,Q167790,Q18656,Q10333,2022,transfer,1
39,Q168029,Q1059186,Q29112,2003,transfer,3
40,Q168029,Q29112,Q18741,2008,transfer,3
41,Q168029,Q18741,Q29115,2012,transfer,3
42,Q168029,Q29115,Q29103,2015,transfer,3
43,Q168029,Q29103,Q889348,2016,transfer,3
44,Q168497,Q2739,Q170703,2019,transfer,3
45,Q168540,Q19521,Q19513,1986,transfer,3
46,Q80306,Q6767,Q2739,2002,transfer,2
47,Q80306,Q2739,Q1422,2004,transfer,2
48,Q80306,Q1422,Q18380286,2022,transfer,2
49,Q80471,Q8466,Q51976,2004,transfer,1
50,Q80471,Q51976,Q15789,2007,transfer,1
51,Q80471,Q15789,Q2609,2011,transfer,1
52,Q80892,Q8857,Q8682,2013,transfer,2
53,Q80892,Q8682,Q8723,2023,transfer,2
54,Q83006,Q12278,Q10308,2003,transfer,1
55,Q83006,Q10308,Q10333,2005,transfer,1
56,Q83006,Q10333,Q7156,2010,transfer,1
57,Q83006,Q7156,Q8701,2013,transfer,1
58,Q83006,Q8701,Q13361030,2014,transfer,2
59,Q83006,Q13361030,Q844271,2019,transfer,2
60,Q83488,Q32494,Q51976,2008,transfer,1
61,Q83488,Q8682,Q9617,2013,transfer,1
62,Q83488,Q9617,Q6601875,2021,transfer,1
63,Q83488,Q6601875,Q857938,2022,transfer,1
64,Q168740,Q12217,Q10333,2007,transfer,2
65,Q168740,Q10333,Q9616,2011,transfer,2
66,Q168740,Q9616,Q18656,2014,transfer,2
67,Q168740,Q18656,Q495299,2022,transfer,2
68,Q168740,Q495299,Q844271,2023,transfer,2
69,Q168740,Q844271,Q999035,2024,transfer,2
70,Q168740,Q999035,Q316789,2025,transfer,2
71,Q169098,Q81888,Q10308,1987,loan,2
72,Q169098,Q75729,Q1543,1988,transfer,2
73,Q169098,Q1543,Q81888,1993,transfer,2
74,Q170235,Q136433,Q104761,2001,transfer,3
75,Q170235,Q104761,Q18741,2006,transfer,3
76,Q170235,Q18741,Q18656,2008,transfer,3
77,Q170235,Q18656,Q18708,2012,transfer,3
78,Q170235,Q18708,Q180305,2014,transfer,3
79,Q170235,Q180305,Q204888,2015,transfer,3
80,Q170328,Q182876,Q483020,1988,transfer,2
81,Q170328,Q483020,Q18656,1992,transfer,2
82,Q170376,Q221882,Q15799,1989,transfer,2
83,Q170376,Q15799,Q170703,1990,transfer,2
84,Q170376,Q170703,Q2052,1991,transfer,2
85,Q170376,Q2052,Q2739,2000,transfer,2
86,Q170452,Q17479,Q631,2001,transfer,3
87,Q170452,Q631,Q2693,2002,transfer,3
88,Q170452,Q2693,Q631,2004,transfer,3
89,Q170452,Q631,Q17479,2009,transfer,3
90,Q170452,Q17479,Q2739,2010,transfer,3
91,Q170452,Q2739,Q35933,2011,transfer,3
92,Q171295,Q193481,Q2609,1995,transfer,2
93,Q171295,Q2609,Q1422,1999,transfer,2
94,Q172720,Q198032,Q10329,2002,transfer,2
95,Q172720,Q10329,Q7156,2008,transfer,1
96,Q172720,Q7156,Q1422,2016,transfer,1
97,Q172720,Q1422,Q483020,2017,transfer,1
98,Q172720,Q483020,Q38568,2019,transfer,1
99,Q172720,Q38568,Q7156,2022,transfer,1
100,Q172720,Q7156,Q1143000,2022,transfer,2
101,Q201381,Q187528,Q51974,2006,transfer,2
102,Q201381,Q51974,Q50602,2008,transfer,2
103,Q201381,Q50602,Q187528,2019,transfer,2
104,Q201752,Q8687,Q15789,2012,transfer,3
105,Q201825,Q192253,Q6651,2004,transfer,2
106,Q201825,Q6651,Q2641,2007,transfer,2
107,Q201825,Q201567,Q192641,2021,transfer,2
108,Q201860,Q309095,Q18708,2007,transfer,3
109,Q201860,Q18708,Q18741,2012,transfer,3
110,Q201860,Q18741,Q632511,2013,transfer,3
111,Q201866,Q29108,Q10329,2007,transfer,3
112,Q201866,Q10329,Q17497,2008,transfer,3
113,Q201866,Q17497,Q29108,2010,transfer,3
114,Q201900,Q43710,Q6601875,1993,transfer,3
115,Q201900,Q6601875,Q7156,2003,transfer,3
116,Q201900,Q7156,Q6601875,2006,transfer,3
117,Q201900,Q6601875,Q172567,2007,transfer,3
118,Q192974,Q203573,Q495299,1992,transfer,3
119,Q192974,Q495299,Q631,2000,transfer,3
120,Q192974,Q2693,Q19446,2002,free,3
121,Q192974,Q19446,Q495299,2003,free,3
122,Q193000,Q128446,Q29108,2010,transfer,3
123,Q193000,Q29108,Q6601875,2013,transfer,3
124,Q193000,Q6601875,Q1900,2016,transfer,3
125,Q193000,Q1900,Q19597,2017,transfer,3
126,Q193000,Q19597,Q2693,2018,transfer,3
127,Q193625,Q192071,Q132885,1992,transfer,3
128,Q193625,Q132885,Q1543,1993,transfer,3
129,Q193625,Q1543,Q9616,1998,transfer,3
130,Q193625,Q9616,Q428211,2004,transfer,3
131,Q193706,Q274465,Q131499,2007,transfer,2
132,Q193706,Q131499,Q9616,2011,transfer,2
133,Q193706,Q9616,Q483020,2014,transfer,2
134,Q193706,Q483020,Q9616,2016,transfer,2
135,Q193706,Q9616,Q9617,2019,transfer,2
136,Q193706,Q17479,Q188841,2025,transfer,2
137,Q193706,Q188841,Q17442894,2025,transfer,2
138,Q193768,Q2798,Q19604,2007,transfer,3
139,Q193768,Q19604,Q631,2008,transfer,3
140,Q193768,Q631,Q1543,2012,loan,3
141,Q193768,Q1543,Q309480,2015,transfer,3
142,Q193768,Q309480,Q2710,2017,transfer,3
143,Q193768,Q2710,Q8760,2018,transfer,3
144,Q193768,Q8760,Q576285,2019,transfer,3
145,Q194149,Q18732,Q9617,2011,transfer,3
146,Q194149,Q9617,Q1130849,2017,transfer,3
147,Q194149,Q1130849,Q172567,2023,transfer,3
148,Q194149,Q172567,Q19593,2026,transfer,3
149,Q195620,Q16932,Q104770,2014,transfer,2
150,Q195620,Q104770,Q51976,2018,transfer,2
151,Q195620,Q51976,Q844271,2021,transfer,2
152,Q200785,Q204220,Q18656,2003,transfer,3
153,Q200785,Q18656,Q5794,2007,transfer,3
154,Q200785,Q5794,Q642408,2016,transfer,3
155,Q172792,Q18656,Q18744,2015,transfer,3
156,Q172792,Q18744,Q18736,2017,transfer,3
157,Q173139,Q180305,Q483020,1992,transfer,1
158,Q173139,Q483020,Q1543,1995,transfer,1
159,Q173139,Q1543,Q132885,2000,transfer,1
160,Q173139,Q132885,Q429630,2001,transfer,3
161,Q173360,Q134241,Q19597,1998,transfer,3
162,Q173360,Q19597,Q9617,2001,transfer,3
163,Q173360,Q9617,Q7156,2004,transfer,3
164,Q173360,Q7156,Q134241,2007,transfer,3
165,Q192635,Q81888,Q11938,1986,transfer,2
166,Q192635,Q11938,Q7156,1989,transfer,2
167,Q192635,Q7156,Q134241,1995,transfer,2
168,Q192640,Q173009,Q2609,1998,transfer,3
169,Q192640,Q2609,Q631,2004,transfer,3
170,Q192671,Q207373,Q737753,2007,transfer,2
171,Q192671,Q737753,Q1422,2011,transfer,2
172,Q192671,Q1422,Q15789,2015,transfer,2
173,Q192671,Q15789,Q7156,2018,transfer,2
174,Q192671,Q7156,Q631,2020,transfer,2
175,Q192671,Q631,Q17479,2022,transfer,2
176,Q192671,Q17479,Q506832,2023,transfer,2
177,Q192671,Q506832,Q207373,2024,transfer,2
178,Q192965,Q170703,Q7156,2002,transfer,3
179,Q192965,Q7156,Q12297,2005,transfer,3
180,Q192965,Q12297,Q170703,2007,loan,3
181,Q192965,Q170703,Q220621,2014,transfer,3
182,Q102027,Q2641,Q2693,1995,transfer,1
183,Q102027,Q2693,Q631,2002,transfer,1
184,Q102027,Q631,Q1422,2004,transfer,1
185,Q102027,Q1422,Q8682,2006,transfer,1
186,Q102027,Q8682,Q1422,2009,transfer,1
187,Q102027,Q1422,Q424943,2010,transfer,3
188,Q102331,Q2052,Q17479,1986,transfer,3
189,Q102331,Q17479,Q80955,1988,transfer,3
190,Q107051,Q6630,Q2037,2003,transfer,3
191,Q107051,Q2037,Q2674,2004,transfer,3
192,Q107051,Q2674,Q101859,2008,transfer,3
193,Q107051,Q101859,Q1422,2011,transfer,3
194,Q107365,Q32494,Q15789,2011,transfer,1
195,Q110053,Q15789,Q41420,2009,transfer,2
196,Q110053,Q41420,Q15789,2016,transfer,2
197,Q110053,Q15789,Q41420,2019,transfer,2
198,Q110053,Q41420,Q2739,2024,transfer,2
199,Q113156,Q208228,Q221525,1993,transfer,3
200,Q113156,Q221525,Q132885,1998,transfer,3
201,Q113156,Q132885,Q9617,2000,transfer,3
202,Q113156,Q9617,Q12297,2006,transfer,3
203,Q113156,Q12297,Q18711,2010,transfer,3
204,Q115453,Q189671,Q32494,2007,transfer,2
205,Q115453,Q32494,Q10329,2011,transfer,2
206,Q115453,Q10329,Q7156,2014,transfer,2
207,Q115453,Q7156,Q10329,2020,transfer,2
208,Q115453,Q10329,Q2636005,2024,transfer,2
209,Q115453,Q2636005,Q181216,2024,transfer,2
210,Q83456,Q9616,Q18711,2017,transfer,2
211,Q84086,Q188656,Q187528,2013,transfer,3
212,Q84086,Q187528,Q18716,2015,transfer,3
213,Q84086,Q18716,Q18708,2018,transfer,3
214,Q84086,Q18708,Q73965,2023,transfer,3
215,Q84086,Q73965,Q311268,2025,transfer,3
216,Q93563,Q18732,Q18656,2014,transfer,2
217,Q96755,Q4512,Q2739,2016,transfer,2
218,Q96755,Q2739,Q9616,2017,transfer,2
219,Q96755,Q9616,Q8682,2022,transfer,2
220,Q116980,Q16344,Q19597,1997,transfer,2
221,Q116980,Q19597,Q847587,1998,transfer,2
222,Q116980,Q847587,Q1543,1999,transfer,2
223,Q116980,Q1543,Q321061,2012,transfer,2
224,Q119562,Q214978,Q8701,2006,transfer,1
225,Q119562,Q8701,Q50602,2011,transfer,1
226,Q119562,Q50602,Q7156,2021,transfer,1
227,Q124086,Q81888,Q8682,2007,transfer,2
228,Q124086,Q8682,Q631,2009,transfer,2
229,Q124086,Q631,Q495299,2013,transfer,2
230,Q124086,Q495299,Q185163,2017,transfer,2
231,Q124086,Q185163,Q428211,2018,transfer,2
232,Q125460,Q138248,Q18739,2010,transfer,3
233,Q125460,Q18739,Q1130849,2013,transfer,3
234,Q125460,Q1130849,Q190916,2019,transfer,3
235,Q202054,Q249662,Q24689,2007,transfer,2
236,Q202054,Q24689,Q176371,2009,transfer,2
237,Q202054,Q176371,Q1543,2014,transfer,2
238,Q202054,Q1543,Q736937,2017,transfer,2
239,Q202054,Q736937,Q316789,2018,transfer,2
240,Q202054,Q316789,Q219233,2019,transfer,2
241,Q202054,Q219233,Q80958,2020,transfer,2
242,Q202054,Q80958,Q218074,2021,transfer,2
243,Q202054,Q218074,Q757104,2021,transfer,2
244,Q295797,Q50602,Q19598,2009,transfer,2
245,Q295797,Q19598,Q1128631,2010,transfer,2
246,Q295797,Q1128631,Q19481,2011,transfer,2
247,Q295797,Q19481,Q185163,2022,transfer,2
248,Q295797,Q185163,Q187528,2023,transfer,2
249,Q295797,Q187528,Q19593,2024,transfer,2
250,Q296684,Q221882,Q12236,2005,transfer,3
251,Q296684,Q12236,Q8682,2008,transfer,3
252,Q296684,Q8682,Q131499,2011,transfer,3
253,Q296684,Q131499,Q29108,2014,transfer,3
254,Q296684,Q29108,Q10333,2016,transfer,3
255,Q297252,Q18509,Q19456,1985,transfer,3
256,Q297252,Q19456,Q19626,1987,transfer,3
257,Q297252,Q498473,Q19612,1993,transfer,3
258,Q297603,Q9616,Q131499,2011,transfer,3
259,Q297603,Q131499,Q9616,2014,transfer,3
260,Q297603,Q9616,Q18656,2017,transfer,3
261,Q297603,Q18656,Q2739,2022,transfer,3
262,Q297603,Q2739,Q19509,2023,transfer,3
263,Q297603,Q19509,Q704,2024,transfer,3
264,Q297603,Q704,Q8603,2025,transfer,3
265,Q558902,Q791164,Q844271,2010,transfer,3
266,Q558902,Q844271,Q249662,2011,transfer,3
267,Q558902,Q249662,Q856619,2017,transfer,3
268,Q558902,Q856619,Q249662,2022,transfer,3
269,Q570811,Q128446,Q9616,2004,transfer,2
270,Q570811,Q9616,Q8682,2010,transfer,2
271,Q570811,Q8682,Q180305,2013,transfer,2
272,Q570811,Q180305,Q564216,2017,transfer,2
273,Q577384,Q15789,Q104770,1990,transfer,3
274,Q602525,Q218334,Q22707,2011,transfer,3
275,Q602525,Q22707,Q1130849,2015,transfer,2
276,Q602525,Q1130849,Q44441,2023,transfer,2
277,Q602525,Q44441,Q283545,2025,transfer,2
278,Q616664,Q38568,Q8682,2013,loan,2
279,Q616664,Q8682,Q18656,2022,transfer,2
280,Q616664,Q18656,Q16844931,2026,transfer,2
281,Q315697,Q32494,Q101859,2015,transfer,2
282,Q315697,Q101859,Q483020,2017,transfer,2
283,Q514427,Q189671,Q101959,2012,transfer,3
284,Q514427,Q101959,Q9617,2016,transfer,3
285,Q514427,Q9617,Q104761,2023,transfer,3
286,Q514427,Q104761,Q18739,2025,transfer,3
287,Q520721,Q105861,Q32494,2013,transfer,3
288,Q520721,Q32494,Q15789,2018,transfer,3
289,Q529207,Q188277,Q11938,1994,transfer,1
290,Q529207,Q11938,Q7156,1996,transfer,1
291,Q529207,Q7156,Q631,1997,transfer,1
292,Q529207,Q631,Q8682,2002,transfer,1
293,Q529207,Q8682,Q1543,2007,transfer,1
294,Q529207,Q1543,Q35933,2009,transfer,1
295,Q531814,Q38568,Q1543,2003,transfer,1
296,Q531814,Q1543,Q8682,2009,transfer,1
297,Q531814,Q8682,Q1543,2013,transfer,1
298,Q531814,Q1543,Q15214308,2014,transfer,2
299,Q558814,Q856619,Q16932,2008,transfer,3
300,Q558814,Q16932,Q181216,2011,transfer,3
301,Q558814,Q181216,Q855401,2013,transfer,3
302,Q558814,Q855401,Q844271,2016,transfer,3
303,Q558814,Q844271,Q1062259,2019,transfer,3
304,Q558820,Q383358,Q4512,2012,transfer,3
305,Q558820,Q4512,Q51974,2015,transfer,3
306,Q558820,Q51974,Q844271,2019,transfer,3
307,Q558874,Q1051238,Q621120,2019,transfer,3
308,Q558874,Q621120,Q823384,2022,transfer,3
309,Q558887,Q844931,Q33748,2012,transfer,3
310,Q558887,Q33748,Q132885,2016,transfer,3
311,Q558887,Q132885,Q218883,2021,transfer,3
312,Q558890,Q630279,Q218883,2014,transfer,3
313,Q311191,Q738423,Q18744,2004,transfer,3
314,Q311191,Q18744,Q495299,2006,transfer,3
315,Q311191,Q495299,Q38245,2007,transfer,3
316,Q311191,Q38245,Q19509,2009,transfer,3
317,Q311191,Q19509,Q874016,2010,transfer,3
318,Q311191,Q874016,Q586787,2015,transfer,3
319,Q311209,Q855809,Q844271,2007,transfer,3
320,Q311209,Q844271,Q874016,2013,transfer,3
321,Q311209,Q874016,Q856619,2017,transfer,3
322,Q311209,Q856619,Q855401,2018,transfer,3
323,Q311209,Q855401,Q620499,2020,transfer,3
324,Q311209,Q620499,Q855809,2021,transfer,3
325,Q311872,Q631,Q1130849,2013,transfer,2
326,Q311872,Q1130849,Q7156,2018,transfer,2
327,Q311872,Q7156,Q18711,2022,transfer,2
328,Q311872,Q18711,Q5014111,2025,transfer,2
329,Q312157,Q1130849,Q50602,2015,transfer,2
330,Q312157,Q50602,Q9616,2022,transfer,2
331,Q312157,Q9616,Q134241,2026,transfer,2
332,Q312772,Q188277,Q704,2005,transfer,3
333,Q312772,Q704,Q80987,2009,transfer,3
334,Q312772,Q80987,Q270995,2016,transfer,3
335,Q312772,Q270995,Q188277,2018,transfer,3
336,Q312772,Q188277,Q80987,2020,transfer,3
337,Q313161,Q207373,Q10315,2006,transfer,3
338,Q313161,Q10315,Q7156,2014,transfer,3
339,Q313161,Q7156,Q50602,2016,transfer,3
340,Q313161,Q50602,Q8723,2020,transfer,3
341,Q313170,Q81888,Q18741,2012,transfer,3
342,Q313170,Q18741,Q131499,2020,transfer,3
343,Q313170,Q131499,Q187528,2022,transfer,3
344,Q313316,Q187528,Q9616,2011,transfer,1
345,Q313316,Q9616,Q5794,2014,transfer,1
346,Q313316,Q5794,Q18656,2017,transfer,1
347,Q313316,Q18656,Q631,2019,transfer,1
348,Q313316,Q631,Q9616,2021,transfer,1
349,Q313316,Q9616,Q2641,2024,transfer,1
350,Q306351,Q18656,Q18739,2011,transfer,3
351,Q306351,Q18739,Q18729,2018,transfer,3
352,Q310373,Q18741,Q18723,1988,transfer,3
353,Q310373,Q18723,Q19634,1989,transfer,3
354,Q310596,Q630279,Q855401,2008,transfer,3
355,Q310596,Q855401,Q856619,2016,transfer,3
356,Q310598,Q218883,Q249662,2010,transfer,3
357,Q310602,Q620499,Q2018,2006,transfer,3
358,Q310602,Q2018,Q8416,2011,transfer,3
359,Q310602,Q8416,Q2018,2012,transfer,3
360,Q310602,Q2018,Q646204,2013,transfer,3
361,Q310602,Q646204,Q874016,2016,transfer,3
362,Q310605,Q9617,Q6463,2015,transfer,3
363,Q310605,Q6463,Q854932,2021,transfer,3
364,Q310607,Q16932,Q32494,2010,transfer,3
365,Q310607,Q32494,Q141971,2017,transfer,3
366,Q310610,Q385496,Q249662,2004,transfer,3
367,Q310610,Q249662,Q874016,2007,transfer,3
368,Q310610,Q874016,Q725018,2010,transfer,3
369,Q310610,Q725018,Q190561,2012,transfer,3
370,Q310610,Q190561,Q192873,2015,transfer,3
371,Q310610,Q192873,Q221525,2016,transfer,3
372,Q310610,Q221525,Q126334,2018,transfer,3
373,Q310612,Q823384,Q4512,2011,transfer,2
374,Q310612,Q4512,Q105254,2013,transfer,2
375,Q310612,Q105254,Q19481,2015,transfer,2
376,Q310612,Q19481,Q8857,2019,transfer,2
377,Q310612,Q8857,Q11971,2019,transfer,2
378,Q331953,Q80955,Q80964,1986,transfer,2
379,Q331953,Q478317,Q620499,1990,transfer,2
380,Q331953,Q844271,Q1062259,2005,transfer,3
381,Q331957,Q586787,Q856619,2004,transfer,3
382,Q331957,Q856619,Q738423,2012,transfer,3
383,Q331957,Q738423,Q855401,2019,transfer,3
384,Q331968,Q620499,Q854932,2002,transfer,3
385,Q331984,Q646204,Q218883,2007,transfer,3
386,Q331984,Q218883,Q19481,2010,transfer,3
387,Q331984,Q19481,Q218883,2012,transfer,3
388,Q331997,Q844931,Q249662,2006,transfer,3
389,Q331997,Q249662,Q855809,2015,transfer,3
390,Q337623,Q2710,Q483020,2012,transfer,3
391,Q342219,Q10286,Q8857,2011,transfer,3
392,Q342219,Q8857,Q9617,2013,transfer,3
393,Q342219,Q9617,Q10315,2019,transfer,3
394,Q206306,Q172803,Q50602,2007,transfer,3
395,Q206306,Q50602,Q18741,2008,transfer,3
396,Q206306,Q18741,Q104761,2012,loan,3
397,Q206306,Q104761,Q29115,2012,transfer,3
398,Q206641,Q19446,Q18656,2011,transfer,3
399,Q207431,Q209895,Q191264,1986,transfer,2
400,Q208050,Q631,Q2074,2009,transfer,2
401,Q208050,Q2074,Q6641,2009,transfer,2
402,Q208050,Q6641,Q1422,2010,transfer,2
403,Q208050,Q1422,Q1543,2017,transfer,2
404,Q208050,Q1543,Q1422,2018,transfer,2
405,Q208050,Q1422,Q141971,2023,transfer,2
406,Q208050,Q141971,Q6601875,2024,transfer,2
407,Q208104,Q10315,Q1130849,2004,transfer,1
408,Q208104,Q1130849,Q8682,2009,transfer,1
409,Q208104,Q8682,Q15789,2014,transfer,1
410,Q208550,Q854932,Q19604,2001,transfer,3
411,Q208550,Q19604,Q210025,2003,transfer,3
412,Q208550,Q210025,Q855401,2005,transfer,3
413,Q208638,Q618520,Q2674,2008,transfer,3
414,Q208638,Q2674,Q101859,2010,transfer,3
415,Q208638,Q101859,Q19516,2013,transfer,3
416,Q208638,Q19516,Q6601875,2015,transfer,3
417,Q208638,Q6601875,Q10329,2017,transfer,3
418,Q208638,Q10329,Q1543,2020,loan,3
419,Q209650,Q208584,Q81888,1992,transfer,3
420,Q209650,Q81888,Q7156,1999,transfer,3
421,Q209650,Q7156,Q1130849,2001,transfer,3
422,Q209650,Q1130849,Q81888,2002,transfer,3
423,Q209650,Q81888,Q476880,2004,transfer,3
424,Q209650,Q476880,Q142005,2005,transfer,3
425,Q209650,Q142005,Q204881,2005,transfer,3
426,Q209650,Q204881,Q18708,2008,transfer,3
427,Q209650,Q18708,Q476880,2008,transfer,3
428,Q209650,Q476880,Q208584,2011,transfer,3
429,Q209942,Q221525,Q994811,2012,transfer,1
430,Q209942,Q994811,Q18732,2014,transfer,1
431,Q209942,Q18732,Q1130849,2016,transfer,1
432,Q209942,Q1130849,Q15789,2022,transfer,1
433,Q209942,Q15789,Q482764,2023,transfer,1
434,Q210054,Q383358,Q738423,2014,transfer,3
435,Q210095,Q855809,Q189671,2014,transfer,3
436,Q210095,Q189671,Q855809,2016,transfer,3
437,Q210095,Q855809,Q249662,2021,transfer,3
438,Q180939,Q18741,Q18723,2000,transfer,3
439,Q180939,Q18723,Q19604,2001,transfer,3
440,Q180939,Q19604,Q18711,2002,transfer,3
441,Q180939,Q18711,Q18732,2004,transfer,3
442,Q180939,Q18732,Q1130849,2005,transfer,3
443,Q180939,Q1130849,Q19604,2008,transfer,3
444,Q180939,Q19604,Q18741,2009,transfer,3
445,Q180939,Q18741,Q18736,2011,transfer,3
446,Q180939,Q18736,Q19458,2019,transfer,3
447,Q180993,Q6641,Q2739,2001,transfer,3
448,Q180993,Q2739,Q8682,2006,transfer,3
449,Q180993,Q8682,Q1457,2008,transfer,3
450,Q180993,Q1457,Q1543,2011,transfer,3
451,Q180993,Q1543,Q631,2012,transfer,3
452,Q180993,Q631,Q2693,2013,transfer,3
453,Q180993,Q2693,Q1457,2015,transfer,3
454,Q180993,Q1457,Q8639,2017,transfer,3
455,Q202237,Q104761,Q204357,2005,transfer,3
456,Q203749,Q872702,Q2609,2007,transfer,3
457,Q203749,Q2609,Q495299,2011,transfer,3
458,Q203749,Q495299,Q214940,2025,transfer,3
459,Q204089,Q391984,Q663400,1985,transfer,3
460,Q204825,Q17479,Q5014111,1989,transfer,2
461,Q204825,Q5014111,Q8760,1992,transfer,2
462,Q204825,Q8760,Q274465,1997,transfer,2
463,Q204825,Q274465,Q188277,1997,transfer,2
464,Q204825,Q188277,Q10329,1997,transfer,2
465,Q204825,Q10329,Q80958,1998,transfer,2
466,Q204825,Q80958,Q274465,2000,transfer,2
467,Q204825,Q274465,Q16932,2000,transfer,2
468,Q204825,Q16932,Q5014111,2001,transfer,2
469,Q205967,Q16932,Q855809,2016,transfer,3
470,Q205967,Q855809,Q874016,2019,transfer,3
471,Q210453,Q910453,Q128446,2004,transfer,2
472,Q210453,Q80987,Q1543,2009,transfer,2
473,Q210453,Q1543,Q483020,2012,transfer,2
474,Q210453,Q483020,Q9616,2020,transfer,2
475,Q210453,Q9616,Q80987,2024,transfer,2
476,Q210453,Q80987,Q128446,2026,transfer,2
477,Q210453,Q128446,Q80987,2026,transfer,2
478,Q211451,Q213161,Q209619,2006,transfer,3
479,Q211451,Q209619,Q2609,2007,transfer,3
480,Q211451,Q2609,Q50602,2010,transfer,3
481,Q211451,Q50602,Q2739,2017,transfer,3
482,Q211451,Q2739,Q631,2020,transfer,3
483,Q213002,Q384850,Q2798,2004,transfer,3
484,Q213002,Q2798,Q631,2012,transfer,3
485,Q213427,Q18662,Q9617,2008,transfer,2
486,Q213427,Q9617,Q1422,2019,transfer,2
487,Q213427,Q1422,Q185163,2022,transfer,2
488,Q213427,Q185163,Q18662,2023,transfer,2
489,Q213427,Q18662,Q1143000,2025,transfer,2
490,Q316681,Q19467,Q18711,1995,transfer,3
491,Q316681,Q18711,Q18661,2001,transfer,3
492,Q319368,Q175687,Q179075,1987,transfer,3
493,Q319368,Q179075,Q19628,1990,transfer,3
494,Q319368,Q19628,Q738423,1994,transfer,3
495,Q327456,Q200321,Q19603,2014,transfer,3
496,Q327456,Q19603,Q81888,2016,transfer,3
497,Q327456,Q81888,Q9616,2020,transfer,3
498,Q327456,Q9616,Q495299,2024,transfer,3
499,Q327456,Q495299,Q1139095,2025,transfer,3
500,Q331938,Q210864,Q19521,2008,transfer,3
501,Q331938,Q19521,Q209509,2009,transfer,3
502,Q331938,Q209509,Q503317,2011,transfer,3
503,Q331938,Q503317,Q643434,2012,transfer,3
504,Q331938,Q643434,Q855401,2014,transfer,3
505,Q331938,Q855401,Q1062259,2018,transfer,3
506,Q179773,Q7156,Q9616,2015,transfer,3
507,Q179773,Q9616,Q2739,2020,transfer,3
508,Q179773,Q2739,Q2609,2021,transfer,3
509,Q179995,Q1422,Q29108,2018,transfer,3
510,Q180326,Q180305,Q2693,1996,transfer,2
511,Q180326,Q2693,Q1422,2001,transfer,2
512,Q180326,Q1422,Q7156,2006,transfer,2
513,Q180581,Q329471,Q1130849,2002,transfer,3
514,Q180581,Q1130849,Q18711,2005,transfer,3
515,Q180581,Q18711,Q704,2007,transfer,3
516,Q180581,Q704,Q19604,2008,loan,3
517,Q180581,Q19604,Q495299,2008,transfer,3
518,Q180581,Q495299,Q329471,2013,transfer,3
519,Q180581,Q329471,Q43710,2013,transfer,3
520,Q180581,Q43710,Q329471,2014,transfer,3
521,Q180581,Q329471,Q328332,2015,transfer,3
522,Q180581,Q328332,Q221671,2016,transfer,3
523,Q180581,Q221671,Q329471,2017,transfer,3
524,Q173972,Q134241,Q11938,1985,transfer,2
525,Q173972,Q11938,Q1543,1987,transfer,2
526,Q173972,Q1543,Q1457,1993,transfer,2
527,Q173972,Q1457,Q9616,1995,transfer,2
528,Q174614,Q2739,Q1543,1987,transfer,1
529,Q175296,Q219703,Q128446,2004,transfer,3
530,Q175296,Q128446,Q1130849,2010,transfer,3
531,Q175296,Q1130849,Q9616,2011,transfer,3
532,Q175296,Q9616,Q6601875,2012,transfer,3
533,Q177686,Q188277,Q180305,2004,transfer,3
534,Q177686,Q180305,Q631,2006,transfer,3
535,Q177686,Q631,Q50602,2012,transfer,3
536,Q177686,Q50602,Q2739,2013,transfer,3
537,Q178628,Q1422,Q1543,1985,transfer,2
538,Q178628,Q1543,Q8639,1986,transfer,2
539,Q178649,Q5014111,Q11938,1988,transfer,2
540,Q178649,Q11938,Q7156,1993,transfer,2
541,Q178649,Q7156,Q17479,1995,transfer,2
542,Q178649,Q17479,Q10333,1996,transfer,2
543,Q178649,Q10333,Q17479,1998,transfer,2
544,Q178649,Q17479,Q5014111,2000,transfer,2
545,Q178649,Q5014111,Q80987,2002,transfer,2
546,Q178649,Q80987,Q5014111,2005,transfer,2
547,Q178683,Q38568,Q80964,1995,transfer,2
548,Q178683,Q80964,Q2739,1997,transfer,2
549,Q178683,Q2739,Q1543,2003,transfer,2
550,Q179172,Q10467,Q7156,2007,transfer,3
551,Q179172,Q7156,Q2739,2011,transfer,3
552,Q179172,Q2739,Q7156,2013,transfer,3
553,Q179172,Q81888,Q18736,2014,transfer,3
554,Q179172,Q18736,Q167615,2019,transfer,3
555,Q179172,Q167615,Q844271,2021,transfer,3
556,Q179334,Q207503,Q134241,1993,transfer,3
557,Q179334,Q134241,Q19593,1997,transfer,3
558,Q179334,Q19593,Q7156,2004,transfer,3
559,Q179334,Q7156,Q207503,2006,transfer,3
560,Q181921,Q209619,Q29115,2006,transfer,2
561,Q181921,Q29115,Q9616,2008,transfer,2
562,Q181921,Q9616,Q29108,2017,transfer,2
563,Q181921,Q29108,Q18744,2020,transfer,2
564,Q182063,Q215163,Q128446,2010,transfer,3
565,Q182063,Q128446,Q10333,2014,transfer,3
566,Q182063,Q10333,Q50602,2015,transfer,3
567,Q182063,Q50602,Q131499,2020,transfer,3
568,Q182063,Q131499,Q15799,2026,transfer,3
569,Q182314,Q211906,Q18656,1991,transfer,2
570,Q182314,Q18656,Q75729,1999,transfer,2
571,Q182314,Q75729,Q18711,2001,transfer,2
572,Q182314,Q18711,Q50602,2002,transfer,2
573,Q182451,Q459794,Q8639,2000,transfer,3
574,Q182451,Q8639,Q2693,2002,transfer,2
575,Q182451,Q2693,Q1543,2005,transfer,2
576,Q182451,Q1543,Q2052,2008,transfer,2
577,Q182451,Q2052,Q2074,2012,transfer,2
578,Q182451,Q2074,Q130521,2014,transfer,2
579,Q182451,Q130521,Q2052,2015,loan,2
580,Q182451,Q2052,Q2674,2015,transfer,2
581,Q182451,Q2674,Q6703,2016,transfer,2
582,Q182451,Q6703,Q2710,2017,transfer,2
583,Q182451,Q2710,Q8615,2017,transfer,2
584,Q182459,Q17479,Q631,2005,transfer,2
585,Q182459,Q631,Q18723,2012,transfer,2
586,Q182459,Q18723,Q327238,2014,loan,2
587,Q182459,Q327238,Q131499,2014,transfer,2
588,Q182459,Q131499,Q17479,2018,transfer,2
589,Q182685,Q81888,Q2739,2011,transfer,3
590,Q182685,Q2739,Q18708,2013,transfer,3
591,Q182685,Q18708,Q180305,2014,loan,3
592,Q182685,Q180305,Q18732,2015,loan,3
593,Q182685,Q18732,Q5794,2016,transfer,3
594,Q182685,Q5794,Q81888,2020,transfer,3
595,Q342489,Q38568,Q2641,1987,transfer,3
596,Q342489,Q2641,Q844931,1993,transfer,3
597,Q342489,Q844931,Q80955,1997,transfer,3
598,Q348557,Q298217,Q2052,1986,transfer,3
599,Q348557,Q2052,Q631,1988,transfer,3
600,Q348557,Q631,Q180305,1989,transfer,3
601,Q348557,Q180305,Q15799,1991,transfer,3
602,Q348557,Q15799,Q854932,1993,transfer,3
603,Q349125,Q172803,Q704,2010,transfer,2
604,Q349125,Q704,Q18732,2013,transfer,2
605,Q349125,Q18732,Q1130849,2014,transfer,2
606,Q349125,Q1130849,Q29108,2020,transfer,2
607,Q349125,Q29108,Q704,2023,transfer,2
608,Q349125,Q704,Q204888,2024,transfer,2
609,Q350547,Q218334,Q81888,2004,loan,3
610,Q350547,Q81888,Q12217,2005,loan,3
611,Q350547,Q12217,Q8760,2006,loan,3
612,Q350547,Q8760,Q8701,2010,transfer,3
613,Q350547,Q8701,Q9616,2014,transfer,3
614,Q350547,Q9616,Q8701,2015,transfer,3
615,Q350547,Q8701,Q17479,2019,transfer,3
616,Q352826,Q2052,Q1543,1986,transfer,3
617,Q352826,Q1543,Q823384,1995,transfer,3
618,Q354529,Q6767,Q289613,1988,transfer,3
619,Q354529,Q289613,Q6767,1989,transfer,3
620,Q354529,Q2710,Q1900,1993,transfer,3
621,Q354529,Q1900,Q16344,1995,transfer,3
622,Q354529,Q16344,Q8428,1997,transfer,3
623,Q354529,Q8428,Q2710,1998,transfer,3
624,Q357984,Q216032,Q51976,2012,loan,1
625,Q357984,Q51976,Q101859,2014,transfer,1
626,Q359727,Q844931,Q383358,2006,transfer,3
627,Q359727,Q383358,Q106394,2010,transfer,3
628,Q359727,Q106394,Q249662,2013,transfer,3
629,Q359738,Q823384,Q218883,2004,transfer,3
630,Q359738,Q218883,Q249662,2009,transfer,3
631,Q359749,Q738423,Q2768,2006,transfer,3
632,Q359749,Q2768,Q620499,2008,transfer,3
633,Q359749,Q620499,Q854932,2011,transfer,3
634,Q659634,Q35933,Q131499,1997,transfer,2
635,Q659634,Q128446,Q7156,2004,transfer,2
636,Q659634,Q7156,Q9616,2008,transfer,2
637,Q659634,Q9616,Q80987,2010,transfer,2
638,Q667596,Q189671,Q101959,2014,transfer,3
639,Q667596,Q101959,Q15789,2023,transfer,3
640,Q667596,Q15789,Q631,2023,transfer,3
641,Q667596,Q631,Q190916,2026,transfer,3
642,Q694014,Q5794,Q1457,2012,transfer,2
643,Q694014,Q1457,Q10333,2014,transfer,2
644,Q694014,Q10333,Q9617,2016,transfer,2
645,Q694014,Q9617,Q32494,2021,transfer,2
646,Q694014,Q32494,Q8823,2021,transfer,2
647,Q701297,Q172803,Q631,2013,transfer,2
648,Q701297,Q631,Q8682,2015,transfer,2
649,Q701297,Q8682,Q9616,2019,transfer,2
650,Q701297,Q9616,Q50602,2023,transfer,2
651,Q713439,Q29112,Q29108,2015,transfer,3
652,Q733494,Q855809,Q15786,2012,transfer,3
653,Q733494,Q15786,Q33748,2014,transfer,3
654,Q733494,Q33748,Q10329,2016,transfer,3
655,Q733494,Q10329,Q855809,2017,transfer,3
656,Q763465,Q105853,Q51974,2013,transfer,3
657,Q763465,Q51974,Q104761,2014,transfer,3
658,Q763465,Q104761,Q1543,2017,transfer,3
659,Q763465,Q1543,Q631,2021,transfer,3
660,Q776878,Q855809,Q994811,2015,transfer,2
661,Q776878,Q994811,Q1130849,2020,transfer,2
662,Q776878,Q1130849,Q180305,2022,transfer,2
663,Q969423,Q868582,Q576285,2010,transfer,3
664,Q969423,Q576285,Q8823,2012,transfer,2
665,Q969423,Q8823,Q8682,2014,transfer,2
666,Q969423,Q8682,Q483020,2019,transfer,2
667,Q969423,Q483020,Q221882,2025,transfer,2
668,Q969423,Q221882,Q1143000,2025,transfer,2
669,Q126503,Q459794,Q2693,1995,transfer,3
670,Q126503,Q2693,Q1886,1996,transfer,2
671,Q126503,Q1886,Q1422,1997,transfer,2
672,Q126503,Q1422,Q1543,2001,transfer,2
673,Q128719,Q318348,Q81888,2011,transfer,3
674,Q128719,Q81888,Q7156,2016,transfer,3
675,Q128719,Q7156,Q10333,2019,transfer,3
676,Q128719,Q10333,Q318348,2022,transfer,3
677,Q128719,Q318348,Q11979,2024,transfer,3
678,Q128719,Q11979,Q318348,2025,transfer,3
679,Q128725,Q692856,Q16344,1998,transfer,2
680,Q128725,Q16344,Q2739,2000,transfer,2
681,Q128725,Q2739,Q2693,2001,transfer,2
682,Q128725,Q2693,Q1893,2004,loan,2
683,Q128725,Q1893,Q2052,2004,transfer,2
684,Q128829,Q1130849,Q8682,2004,transfer,2
685,Q128829,Q8682,Q18716,2005,transfer,2
686,Q128829,Q18716,Q18656,2009,transfer,2
687,Q128840,Q81888,Q8701,2013,transfer,3
688,Q128840,Q8701,Q18741,2015,transfer,3
689,Q128840,Q18741,Q1056948,2021,transfer,3
690,Q128840,Q1056948,Q732002,2022,transfer,3
691,Q128912,Q81888,Q18656,2014,transfer,3
692,Q128912,Q18656,Q81888,2018,transfer,3
693,Q128912,Q81888,Q11945,2023,transfer,3
694,Q128912,Q11945,Q81888,2026,transfer,3
695,Q129027,Q18656,Q1422,2012,transfer,1
696,Q129027,Q1422,Q18656,2016,transfer,1
697,Q129027,Q18656,Q1422,2022,transfer,1
698,Q129027,Q1422,Q180305,2025,transfer,1
699,Q129700,Q631,Q50602,2010,transfer,1
700,Q129700,Q50602,Q1543,2013,transfer,1
701,Q129700,Q1543,Q1130849,2014,transfer,1
702,Q129700,Q1130849,Q185163,2016,transfer,1
703,Q129700,Q185163,Q132885,2019,transfer,1
704,Q129700,Q132885,Q6651,2019,transfer,2
705,Q129700,Q6651,Q289482,2020,transfer,2
706,Q131234,Q15789,Q8682,2014,transfer,1
707,Q1029982,Q134241,Q646204,1996,transfer,3
708,Q1029982,Q646204,Q332642,1998,transfer,3
709,Q1091933,Q855809,Q844271,2019,transfer,3
710,Q1255625,Q12217,Q8682,1997,transfer,2
711,Q1255625,Q8682,Q8835,2000,loan,1
712,Q1255625,Q8835,Q7156,2004,transfer,1
713,Q1255625,Q7156,Q631,2009,transfer,1
714,Q1255625,Q631,Q19353,2011,transfer,2
715,Q1255625,Q19353,Q9616,2013,transfer,2
716,Q1255625,Q9616,Q5794,2014,transfer,1
717,Q1255625,Q5794,Q43710,2015,transfer,2
718,Q1255625,Q43710,Q513840,2018,transfer,2
719,Q1354960,Q189671,Q9616,2014,transfer,1
720,Q1354960,Q9616,Q2052,2015,loan,1
721,Q1354960,Q2052,Q2739,2015,loan,1
722,Q1354960,Q2739,Q1130849,2017,transfer,1
723,Q1439915,Q75729,Q18741,2014,transfer,3
724,Q1439915,Q18741,Q15789,2024,loan,3
725,Q1439915,Q15789,Q180305,2025,transfer,3
726,Q969520,Q208399,Q704,2003,transfer,2
727,Q969520,Q704,Q9616,2005,transfer,2
728,Q969520,Q9616,Q1543,2014,transfer,2
729,Q969520,Q1543,Q4122219,2015,transfer,2
730,Q969725,Q18741,Q15789,2023,transfer,1
731,Q982132,Q16932,Q218883,2013,transfer,3
732,Q131261,Q105853,Q15789,1994,transfer,2
733,Q133556,Q9617,Q9616,2006,transfer,2
734,Q133556,Q9616,Q2739,2014,transfer,2
735,Q133556,Q2739,Q204357,2016,transfer,2
736,Q133556,Q204357,Q19470,2019,transfer,2
737,Q133903,Q24711,Q19593,2013,transfer,2
738,Q133903,Q19593,Q18732,2015,transfer,2
739,Q133903,Q18732,Q1130849,2018,transfer,2
740,Q134976,Q104770,Q15789,2006,transfer,1
741,Q134976,Q15789,Q104770,2009,transfer,1
742,Q134976,Q104770,Q9617,2012,transfer,1
743,Q134976,Q9617,Q495299,2015,transfer,1
744,Q134976,Q495299,Q844271,2017,transfer,2
745,Q134976,Q844271,Q43710,2020,transfer,2
746,Q134976,Q43710,Q134255,2021,transfer,2
747,Q136986,Q1457,Q631,2013,transfer,2
748,Q136986,Q631,Q483020,2020,transfer,2
749,Q136986,Q483020,Q495299,2023,transfer,2
750,Q137231,Q134255,Q104761,2013,transfer,3
751,Q137231,Q104761,Q81888,2015,transfer,3
752,Q137231,Q81888,Q2641,2016,transfer,3
753,Q137231,Q2641,Q132885,2022,transfer,3
754,Q138075,Q80845,Q1543,2007,transfer,3
755,Q138075,Q1543,Q35933,2013,transfer,3
756,Q138075,Q35933,Q9616,2016,loan,3
757,Q138075,Q9616,Q12297,2016,transfer,3
758,Q138075,Q38568,Q15214308,2021,transfer,3
759,Q138075,Q15214308,Q38568,2023,transfer,3
760,Q138172,Q15799,Q128446,2009,transfer,2
761,Q138172,Q128446,Q8701,2011,transfer,2
762,Q138172,Q8701,Q180305,2013,transfer,2
763,Q138172,Q180305,Q495299,2019,transfer,2
764,Q138172,Q495299,Q10300,2021,transfer,2
765,Q138172,Q10300,Q391984,2024,transfer,2
766,Q214903,Q499616,Q12297,2007,transfer,2
767,Q214903,Q12297,Q8701,2010,transfer,2
768,Q214903,Q8701,Q631,2019,transfer,2
769,Q214903,Q631,Q1900,2020,transfer,2
770,Q214903,Q1900,Q270995,2022,transfer,2
771,Q214903,Q270995,Q215163,2022,transfer,2
772,Q215463,Q276533,Q191264,2007,transfer,2
773,Q215463,Q191264,Q1457,2011,transfer,2
774,Q215463,Q1457,Q18656,2015,transfer,2
775,Q215463,Q18656,Q501245,2021,transfer,2
776,Q215463,Q501245,Q170703,2022,transfer,2
777,Q215522,Q459090,Q270051,2011,transfer,3
778,Q215522,Q270051,Q8857,2014,transfer,3
779,Q215522,Q8857,Q190561,2017,transfer,3
780,Q215522,Q190561,Q459090,2019,transfer,3
781,Q215522,Q459090,Q847587,2022,transfer,3
782,Q215890,Q35933,Q80955,1985,transfer,2
783,Q215890,Q80955,Q289613,1987,transfer,2
784,Q215890,Q289613,Q2052,1988,transfer,2
785,Q215890,Q2052,Q2710,1992,transfer,2
786,Q215890,Q2710,Q4512,1993,transfer,2
787,Q215890,Q4512,Q855401,1995,transfer,2
788,Q215890,Q855401,Q80845,1999,transfer,2
789,Q217482,Q209509,Q126334,1989,transfer,3
790,Q217482,Q126334,Q180305,1990,transfer,3
791,Q217482,Q180305,Q483020,1995,transfer,3
792,Q217482,Q483020,Q631,1996,transfer,3
793,Q217482,Q631,Q8466,1999,transfer,3
794,Q217482,Q8466,Q19451,2002,transfer,3
795,Q217482,Q19451,Q19446,2004,transfer,3
796,Q217482,Q19446,Q204220,2005,transfer,3
797,Q219657,Q81888,Q7156,1999,transfer,3
798,Q219657,Q7156,Q495299,2003,transfer,3
799,Q219657,Q495299,Q311268,2004,transfer,3
800,Q222151,Q75729,Q128446,2010,transfer,3
801,Q222151,Q128446,Q180305,2013,transfer,3
802,Q222151,Q180305,Q19500,2018,transfer,3
803,Q222151,Q19500,Q75684,2023,transfer,3
804,Q222231,Q50602,Q9616,2009,transfer,3
805,Q222231,Q9616,Q1130849,2013,transfer,3
806,Q222231,Q1130849,Q192641,2019,transfer,3
807,Q222231,Q192641,Q852033,2021,transfer,3
808,Q222746,Q2798,Q19509,2008,transfer,3
809,Q222746,Q19509,Q18739,2010,transfer,3
810,Q222746,Q18739,Q812720,2012,transfer,3
811,Q222746,Q812720,Q564216,2015,transfer,3
812,Q222746,Q564216,Q608122,2017,transfer,3
813,Q222789,Q12278,Q8682,1991,transfer,2
814,Q222789,Q8682,Q7156,1996,transfer,2
815,Q223827,Q18711,Q19451,2008,transfer,3
816,Q223827,Q19451,Q9616,2012,transfer,3
817,Q223827,Q9616,Q19467,2019,transfer,3
818,Q223827,Q19467,Q19568,2021,transfer,3
819,Q227892,Q2609,Q1543,2002,transfer,3
820,Q227892,Q1543,Q167615,2012,transfer,3
821,Q360580,Q218883,Q134241,2001,transfer,3
822,Q360580,Q134241,Q218883,2006,transfer,3
823,Q360580,Q218883,Q105861,2007,transfer,3
824,Q360580,Q105861,Q823384,2010,transfer,3
825,Q360580,Q823384,Q999035,2012,transfer,3
826,Q360580,Q999035,Q586787,2014,transfer,3
827,Q360588,Q16932,Q1457,2003,transfer,3
828,Q360588,Q1457,Q29390,2004,transfer,3
829,Q360588,Q29390,Q16932,2006,transfer,3
830,Q360595,Q855401,Q586787,2010,transfer,3
831,Q367474,Q738423,Q15755,2016,transfer,3
832,Q367474,Q15755,Q738423,2019,transfer,3
833,Q1756086,Q2641,Q327238,2022,transfer,3
834,Q1756086,Q327238,Q2710,2026,transfer,3
835,Q1756086,Q2710,Q1457,2026,transfer,3
836,Q401418,Q24689,Q176371,2012,transfer,3
837,Q401418,Q176371,Q19481,2016,transfer,3
838,Q401418,Q19481,Q482764,2018,transfer,3
839,Q436987,Q332605,Q185163,2008,transfer,3
840,Q436987,Q185163,Q9617,2014,transfer,3
841,Q436987,Q9617,Q2641,2019,transfer,3
842,Q436987,Q2641,Q482764,2022,transfer,3
843,Q436987,Q482764,Q332605,2024,transfer,3
844,Q439722,Q51974,Q104761,2013,transfer,2
845,Q439722,Q104761,Q18741,2015,transfer,2
846,Q439722,Q18741,Q18380286,2025,transfer,2
847,Q455462,Q10315,Q8701,2014,transfer,1
848,Q455462,Q8701,Q7156,2019,transfer,1
849,Q455462,Q7156,Q8701,2022,transfer,1
850,Q455462,Q8701,Q15214308,2026,transfer,2
851,Q183967,Q180305,Q1422,2000,transfer,2
852,Q183967,Q1422,Q11963,2010,transfer,2
853,Q183967,Q11963,Q15799,2012,transfer,2
854,Q184177,Q81888,Q9617,2009,transfer,2
855,Q184177,Q9617,Q7156,2014,transfer,2
856,Q184177,Q7156,Q844271,2019,transfer,2
857,Q184205,Q211906,Q1130849,2006,transfer,3
858,Q184205,Q1130849,Q211906,2014,transfer,3
859,Q184261,Q176371,Q9616,2009,transfer,3
860,Q184261,Q9616,Q19353,2011,transfer,3
861,Q184261,Q19353,Q17497,2013,transfer,3
862,Q184261,Q17497,Q29108,2016,transfer,3
863,Q184261,Q29108,Q727147,2022,transfer,3
864,Q184269,Q181216,Q172969,2003,transfer,3
865,Q184269,Q172969,Q1900,2018,transfer,3
866,Q184277,Q19628,Q180305,2006,transfer,2
867,Q184277,Q180305,Q7156,2007,transfer,2
868,Q184277,Q7156,Q50602,2010,transfer,2
869,Q184277,Q50602,Q19628,2018,transfer,2
870,Q184362,Q218372,Q192071,1991,transfer,3
871,Q184362,Q192071,Q132885,1997,transfer,3
872,Q184362,Q132885,Q8749,1998,transfer,3
873,Q184362,Q8749,Q8682,2000,transfer,3
874,Q184362,Q8682,Q9616,2003,transfer,3
875,Q184362,Q9616,Q483020,2008,transfer,3
876,Q184612,Q19500,Q19580,1999,transfer,3
877,Q184612,Q19580,Q631,2000,transfer,3
878,Q184612,Q631,Q1128631,2001,transfer,3
879,Q184612,Q1128631,Q18741,2002,transfer,3
880,Q184612,Q18741,Q1130849,2008,transfer,3
881,Q184612,Q1130849,Q18741,2009,transfer,3
882,Q184612,Q18741,Q18747,2011,loan,3
883,Q184612,Q18747,Q204357,2011,transfer,3
884,Q185081,Q16344,Q5794,1998,transfer,3
885,Q185081,Q5794,Q16344,1999,transfer,3
886,Q185081,Q16344,Q631,2001,transfer,3
887,Q185093,Q10329,Q50602,2013,transfer,2
888,Q185093,Q50602,Q10329,2017,transfer,2
889,Q185115,Q81888,Q1543,1996,transfer,3
890,Q185115,Q1543,Q1422,1997,transfer,3
891,Q185115,Q1422,Q631,2004,transfer,3
892,Q185115,Q631,Q18741,2005,transfer,3
893,Q185115,Q18741,Q81888,2007,transfer,3
894,Q185208,Q18747,Q9616,2003,transfer,3
895,Q185208,Q9616,Q19604,2007,transfer,3
896,Q185208,Q19604,Q1130849,2009,transfer,3
897,Q185208,Q1130849,Q18736,2015,transfer,3
898,Q185389,Q81888,Q631,1993,transfer,2
899,Q185389,Q631,Q9617,1995,transfer,2
900,Q185572,Q7156,Q10467,1999,transfer,2
901,Q185572,Q10467,Q483020,2000,transfer,2
902,Q185572,Q483020,Q19597,2002,transfer,2
903,Q185572,Q19597,Q10315,2004,transfer,2
904,Q185572,Q10315,Q5794,2005,transfer,2
905,Q185572,Q5794,Q9617,2011,transfer,2
906,Q214204,Q19516,Q9616,2012,transfer,1
907,Q214204,Q9616,Q8682,2019,transfer,1
908,Q214859,Q738423,Q855401,2022,transfer,2
909,Q368441,Q692646,Q128446,2010,transfer,2
910,Q368441,Q128446,Q180305,2013,transfer,1
911,Q368441,Q180305,Q8682,2014,transfer,1
912,Q368441,Q8682,Q5794,2020,transfer,1
913,Q368441,Q5794,Q311268,2021,transfer,2
914,Q368441,Q311268,Q19628,2022,transfer,2
915,Q368441,Q19628,Q38568,2023,transfer,1
916,Q368441,Q38568,Q10300,2024,transfer,1
917,Q368441,Q10300,Q19828435,2026,transfer,3
918,Q376247,Q192071,Q19521,2007,transfer,3
919,Q376247,Q19521,Q19516,2011,transfer,3
920,Q376247,Q19516,Q132885,2013,transfer,3
921,Q376247,Q132885,Q18747,2015,transfer,3
922,Q376247,Q18747,Q132885,2017,transfer,3
923,Q376247,Q132885,Q5014111,2023,transfer,3
924,Q380692,Q855401,Q856619,2015,transfer,3
925,Q380700,Q854932,Q855401,2000,transfer,3
926,Q380700,Q855401,Q218883,2001,transfer,3
927,Q380703,Q844931,Q630279,2009,transfer,3
928,Q380703,Q630279,Q18732,2012,transfer,3
929,Q380703,Q18732,Q218883,2014,transfer,3
930,Q380703,Q218883,Q854932,2019,transfer,3
931,Q382269,Q16932,Q132885,2005,transfer,3
932,Q382269,Q132885,Q189671,2006,transfer,3
933,Q382269,Q189671,Q16932,2008,transfer,3
934,Q386876,Q221525,Q180305,2003,transfer,2
935,Q386876,Q180305,Q9617,2006,transfer,2
936,Q386876,Q9617,Q50602,2009,transfer,2
937,Q386876,Q50602,Q18741,2012,transfer,2
938,Q386876,Q18741,Q19467,2016,transfer,2
939,Q386876,Q19467,Q857938,2017,transfer,2
940,Q386876,Q857938,Q608122,2019,transfer,2
941,Q386876,Q608122,Q604589,2020,transfer,2
942,Q146907,Q221525,Q704,2008,transfer,3
943,Q146907,Q704,Q2739,2011,transfer,3
944,Q146907,Q2739,Q1422,2016,transfer,3
945,Q146907,Q1422,Q7156,2020,transfer,3
946,Q147589,Q9617,Q50602,2009,transfer,3
947,Q147589,Q50602,Q1130849,2013,transfer,3
948,Q147589,Q1130849,Q19593,2016,transfer,3
949,Q150268,Q8701,Q18656,2011,transfer,2
950,Q150268,Q18656,Q2052,2024,transfer,2
951,Q150484,Q462411,Q172803,2002,transfer,3
952,Q150484,Q172803,Q176371,2003,transfer,3
953,Q150484,Q176371,Q51974,2007,transfer,3
954,Q150484,Q51974,Q15789,2009,transfer,3
955,Q150484,Q15789,Q101859,2012,transfer,3
956,Q150484,Q101859,Q51974,2015,transfer,3
957,Q150484,Q51974,Q131603,2016,transfer,3
958,Q150947,Q15799,Q15789,2003,transfer,3
959,Q150947,Q15789,Q8857,2011,transfer,3
960,Q150947,Q8857,Q8701,2013,free,3
961,Q150947,Q8701,Q50602,2013,transfer,3
962,Q150947,Q50602,Q8780,2016,free,3
963,Q150947,Q8780,Q8857,2017,free,3
964,Q151034,Q18741,Q41420,2009,loan,3
965,Q151034,Q41420,Q19604,2009,transfer,3
966,Q151034,Q19604,Q1543,2010,transfer,3
967,Q151034,Q1543,Q32494,2013,transfer,3
968,Q151034,Q32494,Q1543,2016,transfer,3
969,Q151034,Q1543,Q11979,2016,transfer,3
970,Q151034,Q11979,Q38245,2017,transfer,3
971,Q151034,Q38245,Q8603,2018,transfer,3
972,Q151034,Q8603,Q2052,2019,transfer,3
973,Q151034,Q2052,Q289482,2020,transfer,3
974,Q151034,Q289482,Q102720,2021,transfer,3
975,Q151260,Q51974,Q50602,2010,transfer,2
976,Q151260,Q50602,Q15789,2011,transfer,2
977,Q151260,Q15789,Q704,2021,transfer,2
978,Q151260,Q704,Q847587,2024,transfer,2
979,Q151260,Q847587,Q392310,2024,transfer,2
980,Q151269,Q52942,Q41420,2010,transfer,1
981,Q151269,Q41420,Q15789,2014,transfer,1
982,Q151269,Q15789,Q7156,2022,transfer,1
983,Q151269,Q7156,Q308683,2026,transfer,2
984,Q151838,Q190561,Q131499,2011,transfer,3
985,Q151838,Q131499,Q29108,2012,transfer,3
986,Q151838,Q41420,Q8701,2022,transfer,3
987,Q151838,Q8701,Q11945,2025,transfer,3
988,Q151853,Q854167,Q11938,1999,transfer,3
989,Q151853,Q11938,Q7156,2005,transfer,3
990,Q151853,Q7156,Q15789,2006,transfer,3
991,Q151853,Q15789,Q1543,2011,transfer,3
992,Q151853,Q1543,Q11938,2012,transfer,3
993,Q152377,Q101959,Q41420,2012,transfer,2
994,Q152377,Q41420,Q204357,2024,transfer,2
995,Q152871,Q631,Q219235,1987,transfer,2
996,Q152897,Q32494,Q29115,2018,transfer,3
997,Q153786,Q219929,Q738886,2005,transfer,3
998,Q153786,Q738886,Q101859,2007,transfer,3
999,Q153786,Q101859,Q50602,2011,transfer,2
1000,Q153786,Q50602,Q2739,2016,transfer,2
1001,Q153786,Q2739,Q631,2021,transfer,2
1002,Q153786,Q631,Q6601875,2023,transfer,2
1003,Q153786,Q6601875,Q2052,2025,transfer,2
1004,Q153786,Q2052,Q32494,2026,transfer,2
1005,Q186071,Q15799,Q7156,2001,transfer,3
1006,Q186071,Q7156,Q8682,2007,transfer,3
1007,Q186071,Q8682,Q131499,2009,transfer,3
1008,Q186071,Q131499,Q8857,2012,transfer,3
1009,Q186071,Q8857,Q19628,2013,transfer,3
1010,Q186071,Q19628,Q8639,2014,transfer,3
1011,Q186071,Q8639,Q15799,2015,transfer,3
1012,Q186330,Q1023532,Q180305,1999,transfer,3
1013,Q186330,Q180305,Q7156,2003,transfer,3
1014,Q186330,Q7156,Q204220,2010,transfer,3
1015,Q186330,Q204220,Q633223,2013,transfer,3
1016,Q186330,Q633223,Q8639,2014,transfer,3
1017,Q186330,Q8639,Q1023532,2016,transfer,3
1018,Q186478,Q8408,Q6703,1996,transfer,3
1019,Q186478,Q6651,Q2674,2003,transfer,3
1020,Q186478,Q2674,Q2052,2005,transfer,3
1021,Q186478,Q2052,Q15789,2007,transfer,3
1022,Q186478,Q15789,Q2074,2010,transfer,3
1023,Q186478,Q2074,Q1422,2011,transfer,3
1024,Q186478,Q1422,Q2052,2012,transfer,3
1025,Q186478,Q2052,Q8639,2013,transfer,3
1026,Q2091463,Q704,Q180305,2013,transfer,3
1027,Q2091463,Q180305,Q18656,2015,transfer,3
1028,Q2091463,Q18656,Q201584,2024,transfer,3
1029,Q2091463,Q201584,Q768253,2025,transfer,3
1030,Q2428403,Q630279,Q1044651,2002,transfer,3
1031,Q2843080,Q736937,Q18747,2014,transfer,3
1032,Q2843080,Q18747,Q849823,2017,transfer,3
1033,Q2843080,Q849823,Q6601875,2020,transfer,3
1034,Q2843080,Q6601875,Q80845,2023,transfer,3
1035,Q2843080,Q80845,Q736937,2025,transfer,3
1036,Q3195361,Q8687,Q9616,2018,transfer,3
1037,Q3195361,Q9616,Q9617,2025,transfer,3
1038,Q3247961,Q630279,Q812720,2017,transfer,3
1039,Q3247961,Q812720,Q630279,2021,transfer,3
1040,Q3529022,Q4512,Q702455,2016,transfer,3
1041,Q3529022,Q702455,Q9616,2020,transfer,3
1042,Q3529022,Q9616,Q702455,2022,transfer,3
1043,Q4254043,Q216032,Q19516,2010,transfer,2
1044,Q4254043,Q19516,Q1130849,2014,transfer,2
1045,Q4254043,Q1130849,Q1543,2022,free,2
1046,Q4979316,Q8416,Q2798,2013,transfer,2
1047,Q4979316,Q2798,Q1457,2016,transfer,2
1048,Q4979316,Q1457,Q75729,2017,transfer,2
1049,Q4979316,Q75729,Q18656,2020,transfer,2
1050,Q5530861,Q16932,Q19518,2019,transfer,3
1051,Q5530861,Q19518,Q738423,2020,transfer,3
1052,Q5530861,Q738423,Q16932,2023,transfer,3
1053,Q187891,Q8687,Q1422,2013,transfer,3
1054,Q187891,Q1422,Q10329,2015,loan,3
1055,Q187891,Q10329,Q18659,2016,transfer,3
1056,Q187891,Q18659,Q18741,2017,transfer,3
1057,Q187891,Q18741,Q2641,2019,transfer,3
1058,Q187891,Q2641,Q770740,2021,transfer,3
1059,Q187989,Q18750,Q5794,2007,transfer,3
1060,Q188457,Q18656,Q9617,2014,transfer,2
1061,Q188457,Q9617,Q2714,2019,transfer,2
1062,Q188457,Q2714,Q19453,2020,transfer,2
1063,Q188632,Q19490,Q18656,1993,transfer,3
1064,Q188632,Q18656,Q19593,2005,transfer,3
1065,Q188720,Q2609,Q1422,1985,transfer,2
1066,Q188720,Q1422,Q7156,1989,transfer,2
1067,Q188720,Q7156,Q8682,1994,transfer,2
1068,Q188720,Q8682,Q844271,1996,transfer,2
1069,Q188720,Q844271,Q81888,1997,transfer,2
1070,Q188746,Q18747,Q18741,2004,transfer,3
1071,Q188746,Q18741,Q19604,2008,transfer,3
1072,Q188746,Q19604,Q18741,2009,transfer,3
1073,Q188746,Q18741,Q327238,2014,transfer,3
1074,Q188746,Q327238,Q18739,2015,transfer,3
1075,Q2011456,Q16932,Q8806,2017,transfer,3
1076,Q2011456,Q8806,Q8760,2019,transfer,3
1077,Q2011456,Q8760,Q856119,2020,transfer,3
1078,Q2011456,Q856119,Q16932,2023,transfer,3
1079,Q2025900,Q19442,Q5794,2013,transfer,3
1080,Q2025900,Q5794,Q50602,2016,transfer,3
1081,Q2058682,Q31932,Q131499,2010,transfer,3
1082,Q2058682,Q131499,Q8701,2014,transfer,3
1083,Q13014035,Q18739,Q5794,2017,transfer,2
1084,Q13865408,Q702455,Q15789,2015,transfer,2
1085,Q187125,Q136433,Q7156,1990,transfer,2
1086,Q187125,Q7156,Q2693,1995,transfer,2
1087,Q187125,Q2693,Q7156,1996,transfer,2
1088,Q187125,Q7156,Q844931,1998,transfer,2
1089,Q187125,Q844931,Q308683,2000,transfer,2
1090,Q187125,Q308683,Q238593,2003,transfer,2
1091,Q187159,Q10333,Q7156,2012,transfer,2
1092,Q187159,Q7156,Q16844931,2023,transfer,2
1093,Q187171,Q462411,Q172803,2007,transfer,2
1094,Q187171,Q172803,Q101859,2010,transfer,2
1095,Q187171,Q101859,Q15789,2012,transfer,2
1096,Q187171,Q15789,Q8701,2014,transfer,2
1097,Q187171,Q8701,Q1422,2015,transfer,2
1098,Q187171,Q1422,Q1056948,2020,transfer,3
1099,Q187171,Q1056948,Q1543,2021,transfer,3
1100,Q187184,Q19626,Q50602,2006,transfer,3
1101,Q187184,Q50602,Q19458,2018,transfer,3
1102,Q187184,Q19458,Q18741,2020,transfer,3
1103,Q187184,Q18741,Q19593,2021,transfer,3
1104,Q187238,Q19487,Q5794,2004,transfer,2
1105,Q187238,Q5794,Q204220,2012,transfer,2
1106,Q187238,Q204220,Q725367,2015,transfer,2
1107,Q187426,Q170703,Q8682,2007,transfer,3
1108,Q187426,Q8682,Q10333,2012,transfer,3
1109,Q187426,Q10333,Q215163,2013,loan,3
1110,Q187426,Q215163,Q170703,2013,transfer,3
1111,Q187426,Q170703,Q215163,2019,transfer,3
1112,Q10526787,Q692856,Q218883,2016,transfer,2
1113,Q10526787,Q218883,Q138248,2018,transfer,2
1114,Q10526787,Q138248,Q4512,2020,transfer,2
1115,Q10526787,Q4512,Q1130849,2023,transfer,2
1116,Q10553748,Q248188,Q18741,2015,transfer,2
1117,Q10553748,Q18741,Q5794,2022,transfer,2
1118,Q10553748,Q5794,Q1120838,2025,transfer,2
1119,Q11557367,Q630279,Q9617,2016,transfer,3
1120,Q11557367,Q9617,Q188656,2019,transfer,3
1121,Q11557367,Q188656,Q105861,2021,transfer,3
1122,Q6147586,Q19481,Q759482,2025,transfer,2
1123,Q6186603,Q18656,Q19490,2022,transfer,3
1124,Q6186603,Q19490,Q482406,2024,transfer,3
1125,Q6186603,Q482406,Q35933,2026,transfer,3
1126,Q6298063,Q10333,Q1422,2018,transfer,3
1127,Q6298063,Q1422,Q50602,2019,transfer,3
1128,Q6298063,Q50602,Q73965,2024,transfer,3
1129,Q6413296,Q1422,Q15789,2017,transfer,3
1130,Q6413296,Q15789,Q482764,2025,transfer,3
1131,Q247965,Q330143,Q732929,2008,transfer,3
1132,Q247965,Q732929,Q646204,2010,transfer,3
1133,Q247965,Q646204,Q316789,2012,loan,3
1134,Q247965,Q316789,Q44441,2018,transfer,3
1135,Q247965,Q44441,Q192597,2018,transfer,3
1136,Q247965,Q192597,Q48951,2019,transfer,3
1137,Q248141,Q249662,Q24689,2010,transfer,2
1138,Q248141,Q24689,Q18732,2012,transfer,2
1139,Q248141,Q18732,Q1457,2020,transfer,2
1140,Q248141,Q1457,Q32494,2022,transfer,2
1141,Q248141,Q32494,Q204357,2023,transfer,2
1142,Q250901,Q12217,Q8760,2006,transfer,2
1143,Q250901,Q8760,Q1130849,2007,transfer,2
1144,Q250901,Q1130849,Q8682,2009,transfer,2
1145,Q250901,Q8682,Q18747,2016,transfer,2
1146,Q252190,Q189671,Q15789,2012,transfer,2
1147,Q252190,Q15789,Q18736,2015,transfer,2
1148,Q252190,Q18736,Q1130849,2018,transfer,2
1149,Q252190,Q1130849,Q704,2021,transfer,2
1150,Q252190,Q704,Q308683,2022,transfer,2
1151,Q252190,Q308683,Q189671,2024,transfer,2
1152,Q257548,Q173009,Q132885,1990,transfer,3
1153,Q257548,Q132885,Q8639,1991,transfer,3
1154,Q257548,Q8639,Q132885,1993,transfer,3
1155,Q257548,Q132885,Q249662,1994,transfer,3
1156,Q258115,Q215163,Q289613,1990,transfer,2
1157,Q258115,Q289613,Q10329,1992,transfer,2
1158,Q258115,Q10329,Q8701,1994,transfer,2
1159,Q258115,Q8701,Q631,1997,transfer,2
1160,Q258115,Q631,Q2609,1999,transfer,2
1161,Q258115,Q2609,Q8701,2003,transfer,2
1162,Q258115,Q8701,Q276533,2005,transfer,2
1163,Q261534,Q214978,Q18656,2002,transfer,1
1164,Q261534,Q18656,Q12297,2004,transfer,1
1165,Q261534,Q12297,Q8701,2007,transfer,1
1166,Q261534,Q8701,Q631,2011,transfer,1
1167,Q261534,Q631,Q80845,2012,transfer,1
1168,Q261534,Q80845,Q855809,2014,transfer,2
1169,Q261534,Q855809,Q16320,2015,transfer,2
1170,Q261534,Q16320,Q16845355,2016,transfer,3
1171,Q188997,Q9617,Q1422,2017,transfer,2
1172,Q188997,Q1422,Q7156,2024,transfer,2
1173,Q189217,Q738876,Q172803,1989,transfer,2
1174,Q189217,Q172803,Q10329,1991,transfer,2
1175,Q189217,Q10329,Q8682,1996,transfer,2
1176,Q189217,Q8682,Q9617,1999,transfer,2
1177,Q189217,Q9617,Q18747,2000,transfer,2
1178,Q189217,Q18747,Q131603,2001,transfer,2
1179,Q189686,Q81888,Q1543,1997,transfer,3
1180,Q189686,Q1543,Q7156,1998,transfer,3
1181,Q189686,Q7156,Q18716,2004,transfer,3
1182,Q189686,Q18716,Q10333,2005,transfer,3
1183,Q189686,Q10333,Q11938,2006,transfer,3
1184,Q189686,Q11938,Q19516,2007,transfer,3
1185,Q189827,Q214992,Q180305,1998,transfer,3
1186,Q189827,Q180305,Q1130849,2001,transfer,3
1187,Q189827,Q1130849,Q2739,2008,transfer,3
1188,Q189827,Q2739,Q18708,2011,transfer,3
1189,Q189827,Q18708,Q131378,2014,transfer,3
1190,Q16499882,Q32494,Q50602,2016,transfer,3
1191,Q16499882,Q50602,Q15789,2020,transfer,3
1192,Q16499882,Q15789,Q495299,2025,transfer,3
1193,Q16665941,Q309400,Q193377,2013,transfer,3
1194,Q16665941,Q193377,Q19481,2015,transfer,2
1195,Q16665941,Q19481,Q9616,2016,transfer,2
1196,Q16665941,Q9616,Q309480,2023,transfer,2
1197,Q16665941,Q309480,Q6601875,2026,transfer,2
1198,Q16902219,Q7482049,Q8682,2015,transfer,3
1199,Q16902219,Q8682,Q9617,2021,transfer,3
1200,Q17160970,Q874016,Q311268,2023,transfer,3
1201,Q18237361,Q80845,Q2739,2016,transfer,2
1202,Q18237361,Q2739,Q1130849,2018,transfer,2
1203,Q18394009,Q131499,Q15789,2016,transfer,3
1204,Q18394009,Q15789,Q19516,2019,transfer,3
1205,Q18394009,Q19516,Q483020,2022,transfer,3
1206,Q18924954,Q8701,Q15789,2019,transfer,3
1207,Q18924954,Q15789,Q483020,2023,transfer,3
1208,Q266613,Q5794,Q18656,2004,transfer,1
1209,Q266613,Q18656,Q5794,2017,transfer,1
1210,Q266613,Q5794,Q238593,2018,transfer,2
1211,Q266613,Q238593,Q19470,2019,transfer,2
1212,Q273715,Q18739,Q1130849,2011,transfer,2
1213,Q273715,Q1130849,Q72844,2023,transfer,3
1214,Q273715,Q72844,Q81888,2024,transfer,3
1215,Q273715,Q81888,Q19571,2025,transfer,2
1216,Q275169,Q190561,Q5794,2008,transfer,3
1217,Q275169,Q5794,Q18656,2013,transfer,3
1218,Q275169,Q18656,Q1046367,2019,transfer,3
1219,Q281734,Q856619,Q631,2011,transfer,2
1220,Q281734,Q631,Q495299,2018,loan,2
1221,Q281734,Q495299,Q132885,2020,transfer,2
1222,Q281734,Q132885,Q856619,2021,transfer,2
1223,Q287841,Q218883,Q104761,2011,transfer,3
1224,Q287841,Q104761,Q102720,2013,transfer,3
1225,Q287841,Q102720,Q4512,2016,transfer,3
1226,Q287841,Q4512,Q844931,2017,transfer,3
1227,Q458101,Q1422,Q2074,2012,transfer,3
1228,Q458101,Q2074,Q2768,2013,transfer,3
1229,Q458101,Q2768,Q41420,2014,transfer,3
1230,Q458101,Q41420,Q10329,2015,loan,3
1231,Q458101,Q10329,Q2768,2016,loan,3
1232,Q458101,Q2768,Q2609,2016,transfer,3
1233,Q458101,Q2609,Q172567,2024,transfer,3
1234,Q458101,Q172567,Q1893,2025,transfer,3
1235,Q458101,Q1893,Q1051013,2026,transfer,3
1236,Q14947422,Q9617,Q7156,2022,transfer,3
1237,Q14947422,Q7156,Q75729,2023,transfer,3
1238,Q14947422,Q75729,Q8723,2023,transfer,3
1239,Q15401668,Q856619,Q105254,2015,transfer,3
1240,Q15401668,Q105254,Q18716,2018,transfer,3
1241,Q15401668,Q18716,Q844271,2021,transfer,3
1242,Q15521306,Q180305,Q50602,2017,transfer,3
1243,Q15521306,Q50602,Q8682,2026,transfer,3
1244,Q16056053,Q18711,Q50602,2021,transfer,3
1245,Q16063229,Q9616,Q7156,2022,transfer,3
1246,Q16148978,Q8682,Q483020,2023,transfer,3
1247,Q16148978,Q483020,Q6601875,2025,transfer,3
1248,Q483577,Q35933,Q80964,1994,transfer,2
1249,Q483577,Q80964,Q8760,1996,transfer,2
1250,Q483577,Q8760,Q7156,1997,transfer,2
1251,Q483577,Q7156,Q1543,2002,transfer,2
1252,Q483577,Q1543,Q19628,2004,transfer,2
1253,Q483577,Q19628,Q201584,2007,transfer,2
1254,Q483583,Q18732,Q19446,1992,transfer,2
1255,Q483583,Q19446,Q18716,1996,transfer,2
1256,Q483629,Q81888,Q1543,1987,transfer,1
1257,Q483837,Q172803,Q18741,2008,transfer,1
1258,Q483837,Q18741,Q8682,2012,transfer,1
1259,Q483837,Q8682,Q1543,2025,transfer,1
1260,Q483846,Q15799,Q8682,2007,transfer,2
1261,Q483846,Q8682,Q2641,2013,transfer,2
1262,Q483846,Q1422,Q16844931,2020,transfer,2
1263,Q459356,Q506832,Q172969,2005,transfer,3
1264,Q459356,Q172969,Q50602,2013,transfer,3
1265,Q459356,Q50602,Q506832,2022,transfer,3
1266,Q459707,Q75684,Q8701,2007,transfer,2
1267,Q459707,Q8701,Q10319,2009,transfer,2
1268,Q459707,Q10319,Q8701,2010,transfer,2
1269,Q459707,Q8701,Q9616,2014,transfer,2
1270,Q459707,Q9616,Q8701,2017,transfer,2
1271,Q459707,Q8701,Q270995,2021,transfer,2
1272,Q459707,Q270995,Q19500,2022,transfer,2
1273,Q459707,Q19500,Q80958,2023,transfer,2
1274,Q459707,Q80958,Q221695,2024,transfer,2
1275,Q459830,Q1130849,Q204357,2015,transfer,1
1276,Q482955,Q1422,Q18708,2001,transfer,2
1277,Q482955,Q18708,Q18656,2005,transfer,2
1278,Q483137,Q193481,Q19509,2002,transfer,2
1279,Q483137,Q19509,Q9616,2004,transfer,2
1280,Q483137,Q9616,Q9617,2015,transfer,2
1281,Q483309,Q10329,Q8682,2005,transfer,1
1282,Q483309,Q8682,Q483020,2021,transfer,1
1283,Q483309,Q483020,Q10329,2023,transfer,1
1284,Q483309,Q10329,Q768253,2025,transfer,2
1285,Q483417,Q18747,Q1128631,2000,transfer,2
1286,Q483417,Q1128631,Q18656,2002,transfer,2
1287,Q483417,Q18656,Q18723,2014,transfer,2
1288,Q20851003,Q19509,Q41420,2016,transfer,1
1289,Q20851003,Q41420,Q7156,2017,transfer,1
1290,Q20851003,Q7156,Q483020,2023,transfer,1
1291,Q1913,Q459148,Q704,2003,transfer,3
1292,Q1913,Q704,Q9616,2007,transfer,3
1293,Q1913,Q9616,Q192641,2013,transfer,3
1294,Q1913,Q192641,Q221525,2014,transfer,3
1295,Q1916,Q289482,Q185163,2000,transfer,2
1296,Q1916,Q185163,Q180305,2002,transfer,2
1297,Q1916,Q180305,Q18656,2006,transfer,2
1298,Q1916,Q18656,Q1422,2014,transfer,2
1299,Q1916,Q1422,Q132885,2017,transfer,2
1300,Q1916,Q132885,Q18747,2018,transfer,2
1301,Q1920,Q132885,Q9617,2008,transfer,2
1302,Q1920,Q9617,Q50602,2011,transfer,2
1303,Q1920,Q50602,Q43710,2017,transfer,2
1304,Q1920,Q43710,Q18747,2018,transfer,2
1305,Q1921,Q501693,Q19521,2007,transfer,3
1306,Q1921,Q19521,Q483020,2011,transfer,3
1307,Q1921,Q483020,Q1422,2017,transfer,3
1308,Q1921,Q1422,Q16844931,2020,transfer,3
1309,Q1924,Q328658,Q132885,2008,transfer,3
1310,Q1924,Q132885,Q19467,2016,transfer,3
1311,Q1924,Q19467,Q132885,2017,transfer,3
1312,Q1924,Q132885,Q19509,2022,transfer,3
1313,Q1935,Q180305,Q19516,2002,transfer,2
1314,Q1935,Q19516,Q704,2004,transfer,2
1315,Q1935,Q704,Q7156,2007,transfer,2
1316,Q1935,Q7156,Q180305,2013,transfer,2
1317,Q1937,Q193377,Q132885,1997,transfer,3
1318,Q1937,Q132885,Q9616,2001,transfer,3
1319,Q1937,Q9616,Q9617,2006,transfer,3
1320,Q1937,Q9617,Q18741,2010,transfer,3
1321,Q1937,Q18741,Q852033,2013,transfer,3
1322,Q1938,Q182876,Q9617,2007,transfer,2
1323,Q1938,Q9617,Q50602,2014,transfer,2
1324,Q1938,Q50602,Q652516,2018,transfer,2
1325,Q1938,Q652516,Q167615,2018,transfer,2
1326,Q1939,Q483020,Q9617,1997,transfer,2
1327,Q1939,Q9617,Q8682,1999,transfer,2
1328,Q1939,Q8682,Q483020,2000,transfer,2
1329,Q1939,Q483020,Q1130849,2002,loan,2
1330,Q1939,Q1130849,Q50602,2002,transfer,2
1331,Q1939,Q50602,Q6601875,2005,transfer,2
1332,Q1939,Q6601875,Q19451,2006,transfer,2
1333,Q1939,Q19451,Q9616,2008,transfer,2
1334,Q1939,Q9616,Q725367,2012,transfer,2
1335,Q1939,Q725367,Q1422,2013,loan,2
1336,Q1939,Q1422,Q18744,2013,transfer,2
1337,Q1939,Q18744,Q16845355,2014,transfer,3
1338,Q1835,Q172476,Q1422,1996,transfer,1
1339,Q1835,Q1422,Q8682,2001,transfer,1
1340,Q1839,Q19513,Q2641,1991,transfer,3
1341,Q1839,Q2641,Q730809,1992,transfer,3
1342,Q1839,Q730809,Q19521,1993,transfer,3
1343,Q1839,Q19521,Q182876,1995,transfer,3
1344,Q1839,Q182876,Q7156,1996,transfer,3
1345,Q1839,Q7156,Q132885,1997,transfer,3
1346,Q1839,Q132885,Q631,1999,transfer,3
1347,Q1839,Q631,Q18656,2001,transfer,3
1348,Q1894,Q11938,Q18656,2015,transfer,2
1349,Q1894,Q18656,Q704,2017,transfer,2
1350,Q1894,Q704,Q7156,2021,transfer,2
1351,Q1894,Q7156,Q8701,2023,transfer,2
1352,Q1894,Q8701,Q35933,2024,transfer,2
1353,Q1907,Q185163,Q704,2008,transfer,1
1354,Q1907,Q704,Q18741,2012,transfer,1
1355,Q1907,Q18741,Q18380286,2024,transfer,2
1356,Q1909,Q19516,Q10333,2011,transfer,3
1357,Q1909,Q10333,Q1543,2014,loan,3
1358,Q1909,Q1543,Q10329,2015,transfer,3
1359,Q1909,Q10329,Q132885,2017,transfer,3
1360,Q1909,Q132885,Q6601875,2019,transfer,3
1361,Q1909,Q6601875,Q54834034,2020,transfer,3
1362,Q1909,Q54834034,Q219703,2020,transfer,3
1363,Q1909,Q219703,Q501693,2021,transfer,3
1364,Q1911,Q19513,Q9617,2012,transfer,1
1365,Q1911,Q9617,Q9616,2018,transfer,1
1366,Q1911,Q1543,Q18380286,2024,transfer,2
1367,Q1911,Q18380286,Q19516,2025,transfer,2
1368,Q1912,Q704,Q8682,2009,transfer,1
1369,Q1912,Q8682,Q309480,2023,transfer,2
1370,Q1912,Q309480,Q73965,2026,transfer,2
1371,Q615,Q7156,Q483020,2021,free,1
1372,Q615,Q483020,Q16844931,2023,free,1
1373,Q624,Q8428,Q1422,1993,transfer,2
1374,Q624,Q1422,Q330143,2012,transfer,2
1375,Q11576,Q8682,Q32494,2010,transfer,1
1376,Q11576,Q32494,Q283545,2012,transfer,2
1377,Q11576,Q283545,Q646135,2014,transfer,3
1378,Q11584,Q8682,Q128446,2015,transfer,1
1379,Q11948,Q8466,Q104761,1999,transfer,2
1380,Q11948,Q104761,Q15789,2002,transfer,2
1381,Q11948,Q15789,Q9616,2006,transfer,2
1382,Q11948,Q9616,Q104761,2010,transfer,2
1383,Q12984,Q2074,Q1543,2011,transfer,3
1384,Q12984,Q1543,Q2739,2016,loan,3
1385,Q12984,Q2739,Q725367,2019,transfer,3
1386,Q12984,Q725367,Q2739,2021,transfer,3
1387,Q13002,Q18716,Q18741,1988,transfer,3
1388,Q13002,Q18741,Q2609,1992,transfer,3
1389,Q13002,Q2609,Q19597,1995,transfer,3
1390,Q13002,Q19597,Q18661,1998,transfer,3
1391,Q13002,Q18661,Q5794,2000,transfer,3
1392,Q13308,Q704,Q7156,2016,transfer,2
1393,Q13308,Q13391,Q19516,2023,transfer,2
1394,Q13494,Q212269,Q190916,1985,transfer,3
1395,Q13494,Q190916,Q132885,1986,transfer,3
1396,Q13494,Q132885,Q1543,1992,transfer,3
1397,Q13494,Q1543,Q15789,1994,transfer,3
1398,Q13494,Q15789,Q172476,1996,transfer,3
1399,Q13494,Q172476,Q459148,1998,transfer,3
1400,Q154397,Q8466,Q41420,2002,transfer,3
1401,Q10520,Q18656,Q8682,2003,transfer,1
1402,Q10520,Q8682,Q204357,2007,transfer,1
1403,Q10520,Q204357,Q483020,2013,transfer,1
1404,Q10560,Q584858,Q9617,1998,transfer,3
1405,Q10560,Q9617,Q18747,2007,transfer,2
1406,Q10560,Q18747,Q632511,2009,transfer,2
1407,Q10560,Q632511,Q308683,2010,transfer,2
1408,Q10560,Q308683,Q823384,2011,transfer,2
1409,Q10602,Q2714,Q18711,2007,transfer,2
1410,Q10602,Q18711,Q18656,2011,transfer,2
1411,Q10602,Q18656,Q631,2020,transfer,2
1412,Q10602,Q631,Q18711,2021,transfer,2
1413,Q10602,Q18711,Q5794,2023,transfer,2
1414,Q10602,Q5794,Q9653,2025,transfer,2
1415,Q11571,Q75729,Q18656,2003,transfer,1
1416,Q11571,Q18656,Q8682,2009,transfer,1
1417,Q11571,Q8682,Q1422,2018,transfer,1
1418,Q11571,Q1422,Q18656,2021,transfer,1
1419,Q11571,Q18656,Q482764,2023,free,1
1420,Q2339,Q9617,Q18656,2012,transfer,1
1421,Q2339,Q18656,Q6601875,2015,transfer,1
1422,Q2339,Q6601875,Q134241,2018,transfer,1
1423,Q4462,Q105853,Q106394,1985,transfer,2
1424,Q4599,Q10333,Q8682,2009,transfer,2
1425,Q4599,Q2641,Q12297,2019,transfer,2
1426,Q4599,Q12297,Q289613,2025,transfer,2
1427,Q154708,Q855809,Q41420,2010,transfer,2
1428,Q154708,Q41420,Q18656,2012,transfer,2
1429,Q154708,Q18656,Q41420,2014,transfer,2
1430,Q154708,Q41420,Q10308,2019,transfer,2
1431,Q154708,Q10308,Q204888,2021,transfer,2
1432,Q154708,Q204888,Q138248,2022,transfer,2
1433,Q154708,Q138248,Q855809,2023,transfer,2
1434,Q159045,Q8466,Q15789,1986,transfer,3
1435,Q159045,Q15789,Q631,1988,transfer,3
1436,Q159045,Q631,Q10308,1992,transfer,3
1437,Q159045,Q10308,Q8466,1993,transfer,3
1438,Q160206,Q15799,Q2693,1996,transfer,2
1439,Q160206,Q2693,Q2609,2000,transfer,2
1440,Q160206,Q2609,Q631,2002,transfer,2
1441,Q160206,Q631,Q9616,2003,transfer,2
1442,Q160206,Q9616,Q631,2008,transfer,2
1443,Q160206,Q631,Q2074,2009,transfer,2
1444,Q160206,Q2074,Q2693,2010,transfer,2
1445,Q160472,Q101959,Q7156,2014,transfer,2
1446,Q161054,Q190916,Q41420,2011,transfer,2
1447,Q161054,Q41420,Q101859,2013,transfer,2
1448,Q161054,Q101859,Q631,2015,transfer,2
1449,Q161054,Q631,Q18741,2022,transfer,2
1450,Q161054,Q18741,Q181216,2024,transfer,2
1451,Q161054,Q181216,Q11938,2024,transfer,2
1452,Q161089,Q15786,Q41420,2011,transfer,2
1453,Q161089,Q41420,Q50602,2016,transfer,2
1454,Q161089,Q50602,Q7156,2023,transfer,2
1455,Q161089,Q7156,Q50602,2024,transfer,2
1456,Q161089,Q50602,Q495299,2025,transfer,2
1457,Q161571,Q15799,Q35933,2005,transfer,2
1458,Q161571,Q35933,Q18747,2006,transfer,2
1459,Q161571,Q18747,Q1130849,2007,transfer,2
1460,Q161571,Q1130849,Q7156,2010,transfer,2
1461,Q163564,Q173009,Q29112,2004,transfer,2
1462,Q163564,Q29112,Q18656,2006,transfer,2
1463,Q163564,Q18656,Q631,2014,transfer,2
1464,Q163666,Q10467,Q7156,2000,transfer,2
1465,Q163666,Q7156,Q12297,2002,transfer,2
1466,Q163666,Q12297,Q1130849,2005,transfer,2
1467,Q163666,Q1130849,Q15789,2014,transfer,2
1468,Q163666,Q15789,Q2641,2015,transfer,2
1469,Q163666,Q2641,Q1543,2018,transfer,2
1470,Q163666,Q1543,Q18711,2020,loan,2
1471,Q163666,Q18711,Q2609,2020,transfer,2
1472,Q163666,Q2609,Q12297,2022,transfer,2
1473,Q163666,Q12297,Q1120838,2024,transfer,2
1474,Q19509544,Q16320,Q12217,2016,transfer,2
1475,Q19509544,Q12217,Q8760,2017,loan,2
1476,Q19509544,Q8760,Q8682,2018,transfer,2
1477,Q19518278,Q371136,Q8701,2016,transfer,2
1478,Q19518278,Q8701,Q19500,2018,transfer,2
1479,Q19518278,Q19500,Q1130849,2020,transfer,2
1480,Q19560313,Q7156,Q172803,2015,transfer,3
1481,Q19560313,Q172803,Q702455,2020,transfer,3
1482,Q19560313,Q702455,Q7156,2024,transfer,3
1483,Q19599124,Q4512,Q15789,2019,transfer,3
1484,Q19599124,Q15789,Q631,2023,transfer,3
1485,Q19708656,Q80964,Q50602,2017,transfer,3
1486,Q19708656,Q50602,Q9617,2022,transfer,3
1487,Q19898898,Q81888,Q7156,2019,transfer,3
1488,Q20806743,Q80987,Q2714,2017,transfer,3
1489,Q20806743,Q2714,Q5794,2018,transfer,3
1490,Q20806743,Q5794,Q18741,2022,transfer,3
1491,Q20830808,Q1543,Q483020,2021,transfer,2
1492,Q20830808,Q483020,Q50602,2025,transfer,2
1493,Q23759917,Q221602,Q41420,2017,transfer,3
1494,Q23759917,Q41420,Q10315,2019,transfer,3
1495,Q23759917,Q10315,Q18716,2022,transfer,3
1496,Q23759917,Q18716,Q1130849,2025,transfer,3
1497,Q23762815,Q188656,Q2052,2018,transfer,3
1498,Q23762815,Q2052,Q1422,2022,transfer,3
1499,Q25253293,Q101859,Q19516,2019,transfer,3
1500,Q25253293,Q19516,Q2641,2020,transfer,3
1501,Q25253293,Q2641,Q495299,2025,transfer,3
1502,Q26259982,Q81888,Q1422,2019,transfer,3
1503,Q26259982,Q1422,Q15789,2022,transfer,3
1504,Q26259982,Q15789,Q18656,2024,transfer,3
1505,Q20994118,Q12297,Q8701,2018,transfer,2
1506,Q20994118,Q8701,Q50602,2019,transfer,2
1507,Q21484126,Q276533,Q631,2018,transfer,3
1508,Q22082505,Q7156,Q8806,2020,transfer,3
1509,Q22082505,Q8806,Q19453,2021,transfer,3
1510,Q22082505,Q19453,Q9616,2022,transfer,3
1511,Q22082505,Q9616,Q8682,2026,transfer,3
1512,Q22279773,Q41420,Q9616,2019,transfer,3
1513,Q22279773,Q9616,Q1543,2023,transfer,3
1514,Q487459,Q495299,Q8701,2011,transfer,2
1515,Q487459,Q8701,Q7156,2015,transfer,2
1516,Q487459,Q7156,Q495299,2020,transfer,2
1517,Q489039,Q191843,Q8682,2011,transfer,2
1518,Q489039,Q8682,Q18656,2021,transfer,2
1519,Q489039,Q18656,Q1120838,2024,transfer,2
1520,Q496046,Q16932,Q249662,2004,transfer,3
1521,Q503137,Q8682,Q286191,2024,transfer,3
1522,Q507890,Q214940,Q29112,2011,transfer,3
1523,Q507890,Q29112,Q75729,2012,transfer,3
1524,Q507890,Q75729,Q18656,2014,transfer,3
1525,Q507890,Q18656,Q170703,2021,transfer,3
1526,Q507890,Q170703,Q276533,2025,transfer,3
1527,Q508711,Q192071,Q132885,1989,transfer,2
1528,Q508711,Q132885,Q1422,1994,transfer,2
1529,Q508711,Q1422,Q9616,1999,transfer,2
1530,Q508711,Q9616,Q10333,2000,transfer,2
1531,Q509374,Q2798,Q2052,2012,transfer,3
1532,Q509374,Q2052,Q9616,2015,transfer,3
1533,Q509374,Q1422,Q631,2023,transfer,3
1534,Q509374,Q631,Q1886,2024,transfer,3
1535,Q509374,Q1886,Q289613,2025,transfer,3
1536,Q167281,Q6703,Q2798,2004,transfer,3
1537,Q189892,Q179658,Q8682,1990,transfer,2
1538,Q189892,Q8682,Q6651,1992,transfer,2
1539,Q189892,Q6651,Q7156,1994,transfer,2
1540,Q189892,Q7156,Q495299,1996,transfer,2
1541,Q190608,Q131499,Q2052,1994,transfer,3
1542,Q190608,Q2052,Q1543,2001,transfer,3
1543,Q190608,Q1543,Q131499,2006,transfer,3
1544,Q191136,Q1128631,Q18716,2004,transfer,3
1545,Q191136,Q18716,Q18711,2008,transfer,3
1546,Q191136,Q18711,Q50602,2010,transfer,3
1547,Q191136,Q50602,Q1130849,2015,transfer,3
1548,Q191136,Q1130849,Q19453,2023,transfer,3
1549,Q191138,Q854932,Q8476,2002,transfer,3
1550,Q191138,Q8476,Q19593,2005,transfer,3
1551,Q191138,Q19593,Q8780,2009,transfer,3
1552,Q191138,Q8780,Q854932,2010,transfer,3
1553,Q191138,Q854932,Q855401,2017,transfer,3
1554,Q191138,Q855401,Q1062259,2019,transfer,3
1555,Q191139,Q19518,Q132885,1992,transfer,3
1556,Q191139,Q132885,Q180305,1995,transfer,3
1557,Q191139,Q180305,Q18656,2000,transfer,3
1558,Q191139,Q18656,Q132885,2004,transfer,3
1559,Q191139,Q132885,Q192071,2006,transfer,3
1560,Q191855,Q18711,Q50602,2009,transfer,3
1561,Q191855,Q50602,Q5794,2014,transfer,3
1562,Q191855,Q5794,Q18744,2017,transfer,3
1563,Q191885,Q10467,Q7156,2001,transfer,3
1564,Q191885,Q7156,Q8701,2007,transfer,3
1565,Q191885,Q8701,Q2074,2008,transfer,3
1566,Q191885,Q2074,Q631,2009,transfer,3
1567,Q191885,Q631,Q483020,2012,transfer,3
1568,Q294806,Q10286,Q132885,2010,transfer,2
1569,Q294806,Q132885,Q9616,2012,transfer,2
1570,Q294806,Q9616,Q8701,2023,transfer,2
1571,Q294806,Q8701,Q10329,2025,transfer,2
1572,Q15199,Q9617,Q18747,2018,transfer,3
1573,Q15199,Q18747,Q19568,2021,transfer,3
1574,Q15199,Q19568,Q301431,2022,transfer,3
1575,Q15802,Q2052,Q631,1986,transfer,3
1576,Q163750,Q17479,Q104761,1989,transfer,3
1577,Q163750,Q104761,Q15789,1992,transfer,3
1578,Q163750,Q15789,Q16932,1995,transfer,3
1579,Q163750,Q16932,Q38568,1999,transfer,3
1580,Q163750,Q38568,Q5014111,2000,transfer,3
1581,Q163750,Q5014111,Q80987,2002,transfer,3
1582,Q163974,Q81888,Q51974,2005,transfer,2
1583,Q163974,Q51974,Q8682,2008,transfer,2
1584,Q163974,Q8682,Q18741,2010,transfer,2
1585,Q163974,Q18741,Q51974,2012,transfer,2
1586,Q163974,Q51974,Q8723,2015,transfer,2
1587,Q163974,Q8723,Q618520,2016,transfer,2
1588,Q17493,Q7156,Q15789,2013,transfer,2
1589,Q17493,Q15789,Q1130849,2020,transfer,2
1590,Q17499,Q7156,Q9617,2003,transfer,1
1591,Q17499,Q9617,Q7156,2011,transfer,1
1592,Q17499,Q7156,Q9616,2014,transfer,1
1593,Q17499,Q9616,Q180305,2019,transfer,1
1594,Q17499,Q180305,Q1120838,2022,transfer,2
1595,Q17500,Q7156,Q283545,2015,transfer,2
1596,Q17507,Q7156,Q18656,2004,transfer,1
1597,Q17507,Q18656,Q7156,2008,transfer,1
1598,Q17515,Q2641,Q10329,1992,transfer,1
1599,Q17515,Q10329,Q221882,1993,transfer,2
1600,Q17515,Q221882,Q170703,1995,transfer,2
1601,Q164038,Q10467,Q7156,1990,transfer,2
1602,Q164038,Q7156,Q6651,2001,transfer,2
1603,Q164038,Q6651,Q2739,2002,transfer,2
1604,Q164676,Q218883,Q101859,2008,transfer,2
1605,Q164676,Q101859,Q15786,2013,transfer,2
1606,Q164676,Q15786,Q38245,2014,transfer,2
1607,Q165125,Q503321,Q18656,2010,transfer,2
1608,Q165125,Q18656,Q8682,2014,loan,2
1609,Q165125,Q8682,Q104761,2015,transfer,2
1610,Q165125,Q104761,Q18747,2017,transfer,2
1611,Q165125,Q18747,Q10329,2019,transfer,2
1612,Q165125,Q10329,Q204357,2020,transfer,2
1613,Q165125,Q204357,Q503321,2024,transfer,2
1614,Q165772,Q19607,Q19477,2014,transfer,2
1615,Q165772,Q19477,Q19481,2017,transfer,2
1616,Q165772,Q19481,Q18656,2019,transfer,2
1617,Q166984,Q18661,Q192641,2019,transfer,2
1618,Q166984,Q192641,Q18736,2020,transfer,2
1619,Q167240,Q9617,Q101859,2014,transfer,3
1620,Q167240,Q101859,Q19490,2016,transfer,3
1621,Q167240,Q19490,Q186785,2017,transfer,3
1622,Q294951,Q81888,Q18741,2013,transfer,2
1623,Q294951,Q18741,Q631,2020,transfer,2
1624,Q294951,Q631,Q19571,2022,transfer,2
1625,Q294951,Q19571,Q18656,2022,transfer,2
1626,Q294951,Q18656,Q101859,2025,transfer,2
1627,Q294980,Q75729,Q19500,2018,transfer,3
1628,Q294980,Q19500,Q2739,2021,transfer,3
1629,Q294980,Q2739,Q1886,2024,transfer,3
1630,Q295065,Q124007617,Q249662,2002,transfer,3
1631,Q295065,Q249662,Q131209,2003,transfer,3
1632,Q295065,Q131209,Q392310,2005,transfer,3
1633,Q295307,Q29390,Q1422,1989,transfer,3
1634,Q295307,Q1422,Q631,1992,transfer,2
1635,Q295307,Q631,Q855401,1994,transfer,2
1636,Q484384,Q622432,Q131499,2007,transfer,2
1637,Q484384,Q131499,Q8682,2011,transfer,2
1638,Q484384,Q8682,Q622432,2018,transfer,2
1639,Q485697,Q216503,Q128446,2004,transfer,2
1640,Q485697,Q128446,Q8682,2007,transfer,2
1641,Q485697,Q8682,Q172567,2017,transfer,2
1642,Q485697,Q172567,Q128446,2019,transfer,2
1643,Q48892,Q210864,Q459148,2002,transfer,2
1644,Q48892,Q459148,Q132885,2003,transfer,2
1645,Q48892,Q132885,Q9616,2004,transfer,1
1646,Q48892,Q9616,Q725367,2012,transfer,2
1647,Q48892,Q725367,Q495299,2013,transfer,2
1648,Q48892,Q495299,Q9616,2014,transfer,1
1649,Q48892,Q9616,Q167615,2015,transfer,2
1650,Q49704,Q7156,Q16844931,2023,transfer,1
1651,Q50600,Q170703,Q35933,2005,transfer,2
1652,Q50600,Q35933,Q18747,2006,transfer,2
1653,Q50600,Q18747,Q18656,2007,loan,2
1654,Q50600,Q18656,Q50602,2009,transfer,2
1655,Q50600,Q50602,Q1422,2013,transfer,2
1656,Q50600,Q1422,Q170703,2015,transfer,2
1657,Q50600,Q170703,Q725367,2017,transfer,2
1658,Q50600,Q725367,Q170703,2018,transfer,2
1659,Q18962,Q483020,Q1422,2019,transfer,3
1660,Q18962,Q1422,Q132885,2024,transfer,3
1661,Q18962,Q132885,Q1543,2025,transfer,3
1662,Q19497,Q38568,Q80845,2010,transfer,3
1663,Q19497,Q80845,Q9616,2012,transfer,3
1664,Q19497,Q9616,Q564216,2017,transfer,3
1665,Q20469,Q274778,Q176371,2008,transfer,2
1666,Q20469,Q176371,Q170040,2022,transfer,2
1667,Q26069,Q200321,Q81888,2006,transfer,2
1668,Q26069,Q81888,Q8682,2009,transfer,2
1669,Q26069,Q8682,Q1543,2009,transfer,2
1670,Q26069,Q1543,Q32494,2010,transfer,2
1671,Q26069,Q32494,Q81888,2017,transfer,2
1672,Q26069,Q81888,Q32494,2021,transfer,2
1673,Q26517,Q499616,Q24711,2006,transfer,1
1674,Q26517,Q24711,Q81888,2007,transfer,1
1675,Q26517,Q81888,Q1130849,2011,transfer,1
1676,Q26517,Q1130849,Q7156,2014,transfer,1
1677,Q26517,Q7156,Q8701,2020,transfer,1
1678,Q26517,Q8701,Q499616,2022,transfer,1
1679,Q26517,Q499616,Q221695,2023,transfer,1
1680,Q26517,Q221695,Q16844931,2024,transfer,1
1681,Q26580,Q13391,Q1422,1991,transfer,2
1682,Q27694,Q104761,Q1130849,2014,transfer,3
1683,Q27694,Q1130849,Q1422,2018,transfer,3
1684,Q27694,Q1422,Q41420,2020,loan,3
1685,Q29162,Q193481,Q41420,2001,transfer,3
1686,Q29162,Q41420,Q9617,2006,transfer,3
1687,Q29162,Q9617,Q193481,2016,transfer,3
1688,Q29491,Q18708,Q18656,2010,transfer,3
1689,Q29491,Q18656,Q2739,2020,transfer,3
1690,Q29566,Q18747,Q18741,2004,transfer,2
1691,Q29566,Q18741,Q18656,2006,transfer,2
1692,Q31981,Q15789,Q8682,2021,free,2
1693,Q38136,Q80987,Q8682,2007,transfer,2
1694,Q38136,Q8682,Q19628,2022,transfer,2
1695,Q38136,Q19628,Q80987,2023,transfer,2
1696,Q39230,Q35933,Q2739,2012,transfer,3
1697,Q39230,Q2739,Q483020,2013,transfer,3
1698,Q39444,Q221695,Q483020,2001,transfer,1
1699,Q39444,Q483020,Q7156,2003,transfer,1
1700,Q39444,Q7156,Q1543,2008,transfer,1
1701,Q39444,Q1543,Q17479,2011,transfer,1
1702,Q39444,Q17479,Q270995,2012,transfer,1
1703,Q40596,Q193749,Q9617,2007,transfer,3
1704,Q40596,Q9617,Q18659,2014,transfer,3
1705,Q40596,Q18659,Q18747,2018,transfer,3
1706,Q41244,Q179075,Q1543,1999,transfer,1
1707,Q41244,Q1543,Q9616,2006,transfer,1
1708,Q41244,Q9616,Q179075,2009,transfer,1
1709,Q41533,Q18747,Q9616,2001,transfer,1
1710,Q41533,Q9616,Q50602,2014,transfer,1
1711,Q41533,Q50602,Q13361030,2015,transfer,2
1712,Q42731,Q8701,Q1130849,2007,transfer,1
1713,Q42731,Q1130849,Q9616,2011,transfer,1
1714,Q42731,Q9616,Q1543,2015,transfer,1
1715,Q42731,Q8701,Q1051238,2018,transfer,2
1716,Q43666,Q15789,Q196107,2025,transfer,2
1717,Q43729,Q7156,Q844271,2018,transfer,2
1718,Q43913,Q24711,Q11938,2002,transfer,1
1719,Q43913,Q11938,Q9616,2004,transfer,1
1720,Q43913,Q9616,Q8682,2007,transfer,1
1721,Q43913,Q8682,Q15789,2009,transfer,1
1722,Q43926,Q6651,Q631,1998,transfer,2
1723,Q43926,Q631,Q1543,2001,transfer,1
1724,Q43926,Q1543,Q1422,2011,transfer,1
1725,Q43926,Q1422,Q13361030,2015,transfer,2
1726,Q44073,Q172476,Q8687,1996,transfer,3
1727,Q44073,Q8687,Q15789,1997,transfer,3
1728,Q44073,Q15789,Q483020,2004,transfer,3
1729,Q44073,Q483020,Q15789,2005,transfer,3
1730,Q44298,Q15789,Q18656,2015,transfer,2
1731,Q44298,Q18656,Q308683,2017,transfer,2
1732,Q44464,Q51976,Q2739,1987,transfer,3
1733,Q44464,Q2739,Q132885,1992,transfer,3
1734,Q44464,Q132885,Q104761,1994,transfer,3
1735,Q44977,Q1543,Q19521,2011,transfer,2
1736,Q44977,Q19521,Q41420,2013,transfer,2
1737,Q44977,Q41420,Q9617,2018,transfer,2
1738,Q44977,Q9617,Q7156,2022,transfer,2
1739,Q44977,Q7156,Q9616,2022,transfer,2
1740,Q44977,Q9616,Q132885,2023,transfer,2
1741,Q44977,Q132885,Q286191,2024,transfer,3
1742,Q44977,Q286191,Q132885,2025,transfer,3
1743,Q44977,Q132885,Q8760,2026,transfer,2
1744,Q45626,Q200321,Q11938,1998,transfer,2
1745,Q45626,Q11938,Q18656,2001,transfer,2
1746,Q45626,Q18656,Q8682,2006,transfer,2
1747,Q45626,Q8682,Q51974,2010,transfer,2
1748,Q45626,Q51974,Q8857,2011,transfer,2
1749,Q45766,Q4512,Q15789,2009,transfer,2
1750,Q45766,Q15789,Q2052,2013,transfer,2
1751,Q45766,Q2052,Q172567,2015,loan,2
1752,Q45766,Q172567,Q101859,2016,transfer,2
1753,Q45766,Q101859,Q4512,2018,transfer,2
1754,Q45900,Q2768,Q6630,2005,loan,3
1755,Q45900,Q6630,Q1457,2006,transfer,3
1756,Q45900,Q1457,Q2798,2007,transfer,3
1757,Q45900,Q2798,Q2641,2009,transfer,3
1758,Q45900,Q2641,Q1422,2010,transfer,3
1759,Q45900,Q1422,Q2768,2014,transfer,3
1760,Q45900,Q2768,Q1457,2016,transfer,3
1761,Q45901,Q180305,Q9617,1999,transfer,1
1762,Q45901,Q9617,Q7156,2007,transfer,1
1763,Q45901,Q7156,Q204220,2010,transfer,2
1764,Q46347,Q1543,Q9617,1996,transfer,2
1765,Q46347,Q9617,Q1422,2005,transfer,2
1766,Q46347,Q1422,Q631,2006,transfer,2
1767,Q46347,Q631,Q50602,2010,transfer,2
1768,Q46741,Q17479,Q38568,1990,transfer,2
1769,Q46741,Q38568,Q10333,1991,transfer,2
1770,Q46741,Q10333,Q38568,1993,transfer,2
1771,Q46741,Q38568,Q16932,1994,transfer,2
1772,Q46741,Q16932,Q483020,1996,transfer,2
1773,Q46741,Q483020,Q1543,1997,transfer,2
1774,Q46896,Q81888,Q1422,2004,transfer,1
1775,Q46896,Q1422,Q631,2006,transfer,1
1776,Q46896,Q631,Q7156,2009,transfer,1
1777,Q46896,Q7156,Q1543,2010,transfer,1
1778,Q46896,Q1543,Q483020,2012,transfer,1
1779,Q46896,Q483020,Q18656,2016,transfer,1
1780,Q46896,Q18656,Q204357,2018,transfer,1
1781,Q46896,Q204357,Q1543,2020,transfer,1
1782,Q47230,Q29108,Q9617,2009,transfer,2
1783,Q47230,Q9617,Q29108,2013,transfer,2
1784,Q47230,Q29108,Q29103,2015,transfer,2
1785,Q47230,Q29103,Q420594,2016,transfer,2
1786,Q47516,Q104770,Q646204,1993,transfer,3
1787,Q47526,Q2798,Q17479,1985,transfer,2
1788,Q47548,Q7156,Q18656,2015,transfer,2
1789,Q47548,Q18656,Q18661,2016,transfer,2
1790,Q47778,Q19481,Q5794,1985,transfer,1
1791,Q47778,Q5794,Q7156,1986,transfer,1
1792,Q47778,Q7156,Q18741,1989,transfer,1
1793,Q47778,Q18741,Q249662,1993,transfer,2
1794,Q47950,Q9617,Q10315,2012,transfer,3
1795,Q47950,Q10315,Q18380286,2018,transfer,3
1796,Q48330,Q1457,Q2609,1997,transfer,2
1797,Q48770,Q8682,Q1422,2014,transfer,2
1798,Q48770,Q1422,Q8682,2016,transfer,2
1799,Q48770,Q8682,Q9616,2017,transfer,2
1800,Q48770,Q9616,Q8701,2019,transfer,2
1801,Q48770,Q8701,Q1543,2024,transfer,2
1802,Q48770,Q1543,Q1120838,2026,transfer,2
1803,Q52876,Q692646,Q631,1995,transfer,2
1804,Q54094,Q4512,Q8682,2010,transfer,2
1805,Q54094,Q8682,Q1422,2015,transfer,2
1806,Q54094,Q1422,Q102720,2021,transfer,2
1807,Q57079,Q4512,Q631,1989,transfer,2
1808,Q57079,Q631,Q180305,1992,transfer,2
1809,Q57079,Q180305,Q18741,1994,transfer,2
1810,Q57079,Q18741,Q15789,1995,transfer,2
1811,Q57079,Q15789,Q1457,1997,transfer,2
1812,Q57079,Q1457,Q18741,1998,transfer,2
1813,Q57114,Q32494,Q1543,1998,transfer,2
1814,Q57114,Q1543,Q41420,1999,transfer,2
1815,Q57114,Q41420,Q9617,2003,transfer,2
1816,Q57114,Q9617,Q4512,2008,transfer,2
1817,Q57114,Q4512,Q9617,2011,transfer,2
1818,Q57148,Q15786,Q4512,2003,transfer,3
1819,Q57148,Q4512,Q855809,2014,transfer,3
1820,Q58377,Q105254,Q104761,2011,transfer,2
1821,Q58377,Q104761,Q9616,2013,transfer,2
1822,Q58377,Q9616,Q101859,2015,transfer,2
1823,Q58377,Q101859,Q41420,2016,transfer,2
1824,Q59108,Q19607,Q18741,2009,transfer,3
1825,Q59108,Q18741,Q50602,2017,transfer,3
1826,Q59108,Q50602,Q19458,2025,transfer,3
1827,Q59490,Q9617,Q51976,2016,transfer,3
1828,Q59490,Q51976,Q15789,2017,transfer,3
1829,Q107674650,Q604581,Q216503,2022,transfer,3
1830,Q108111889,Q10467,Q7156,2021,transfer,2
1831,Q108153171,Q604581,Q188656,2024,transfer,3
1832,Q108153171,Q188656,Q193481,2026,transfer,2
1833,Q108159340,Q6601875,Q8682,2023,transfer,3
1834,Q96105248,Q15799,Q131499,2022,transfer,3
1835,Q96105248,Q131499,Q9616,2023,transfer,3
1836,Q99760796,Q50602,Q9616,2023,transfer,3
1837,Q166317,Q2674,Q1422,2015,transfer,2
1838,Q166317,Q1422,Q2739,2022,transfer,2
1839,Q21621995,Q180305,Q483020,2018,transfer,1
1840,Q21621995,Q483020,Q8682,2024,transfer,1
1841,Q26932598,Q12217,Q8682,2017,transfer,2
1842,Q26932598,Q8682,Q631,2020,transfer,2
1843,Q26932598,Q631,Q483020,2021,transfer,2
1844,Q27049064,Q9616,Q7156,2023,loan,3
1845,Q27049064,Q7156,Q9616,2024,transfer,3
1846,Q27049064,Q9616,Q482764,2025,transfer,3
1847,Q61886,Q854932,Q855809,2009,transfer,2
1848,Q61886,Q855809,Q105861,2011,transfer,2
1849,Q61886,Q105861,Q38245,2012,transfer,2
1850,Q61886,Q38245,Q770740,2015,transfer,2
1851,Q61886,Q770740,Q8723,2018,transfer,2
1852,Q61886,Q8723,Q770740,2019,transfer,2
1853,Q61886,Q770740,Q855809,2021,transfer,2
1854,Q61886,Q855809,Q823384,2022,transfer,2
1855,Q61886,Q823384,Q844271,2026,transfer,2
1856,Q62786,Q274465,Q874016,2005,transfer,2
1857,Q62786,Q874016,Q128446,2008,transfer,2
1858,Q62786,Q128446,Q29108,2012,transfer,2
1859,Q62786,Q29108,Q564216,2016,transfer,2
1860,Q62786,Q564216,Q270995,2021,transfer,2
1861,Q62786,Q270995,Q80987,2026,transfer,2
1862,Q38000669,Q9616,Q18656,2023,transfer,3
1863,Q42728914,Q80955,Q8682,2019,transfer,3
1864,Q44297797,Q10333,Q50602,2020,transfer,2
1865,Q44297797,Q50602,Q7156,2022,transfer,2
1866,Q46951844,Q172476,Q180305,2020,transfer,3
1867,Q46951844,Q180305,Q8682,2022,transfer,3
1868,Q47075606,Q19453,Q18659,2020,loan,3
1869,Q47075606,Q18659,Q19580,2021,loan,3
1870,Q47075606,Q19580,Q75729,2023,transfer,3
1871,Q47075606,Q75729,Q9617,2025,transfer,3
1872,Q47170176,Q172476,Q10329,2019,transfer,3
1873,Q47170176,Q10329,Q7156,2022,transfer,3
1874,Q59381180,Q15799,Q50602,2022,transfer,3
1875,Q59381180,Q50602,Q8701,2024,transfer,3
1876,Q61780902,Q170040,Q1346756,2022,transfer,3
1877,Q61780902,Q1346756,Q2641,2022,transfer,3
1878,Q61780902,Q2641,Q483020,2025,transfer,3
1879,Q62050484,Q19467,Q15789,2024,transfer,3
1880,Q66241169,Q19444,Q41420,2020,transfer,2
1881,Q66241169,Q41420,Q8682,2023,transfer,2
1882,Q27067753,Q854932,Q8682,2019,transfer,3
1883,Q27067753,Q8682,Q10315,2022,transfer,3
1884,Q27310755,Q104761,Q9616,2020,transfer,2
1885,Q27310755,Q9616,Q9617,2023,transfer,2
1886,Q27569376,Q1130849,Q8682,2025,transfer,3
1887,Q28531111,Q332524,Q128446,2019,transfer,3
1888,Q28531111,Q128446,Q1130849,2022,transfer,3
1889,Q28531111,Q1130849,Q15789,2025,transfer,3
1890,Q28801927,Q11938,Q1130849,2023,transfer,3
1891,Q28861547,Q374069,Q223450,2016,transfer,3
1892,Q28861547,Q223450,Q75729,2018,transfer,3
1893,Q28861547,Q75729,Q19509,2019,transfer,3
1894,Q28861547,Q19509,Q1128631,2020,transfer,3
1895,Q28861547,Q1128631,Q7156,2022,transfer,3
1896,Q28967995,Q208552,Q994811,2019,transfer,1
1897,Q28967995,Q994811,Q41420,2020,transfer,1
1898,Q28967995,Q41420,Q50602,2022,transfer,1
1899,Q28973866,Q17479,Q8682,2018,transfer,2
1900,Q30007142,Q18747,Q9617,2023,transfer,3
1901,Q30055335,Q75729,Q19516,2018,transfer,3
1902,Q30055335,Q19516,Q1543,2019,transfer,3
1903,Q30148558,Q41420,Q18656,2021,transfer,3
1904,Q30301454,Q19512,Q702455,2017,transfer,3
1905,Q30301454,Q702455,Q1130849,2021,transfer,3
